Home_id;Away_id;Bookmaker;OddHome;OddDraw;OddAway;Date;Score_home;Score_away;Season
Fortaleza;Gremio;bet-at-home;3.00;3.20;2.10;03 Dec 2006; 1;0 ;2006
Santos;Santa Cruz;bet-at-home;1.20;5.25;10.00;03 Dec 2006; 3;1 ;2006
Santos;Santa Cruz;bwin;1.20;5.50;10.50;03 Dec 2006; 3;1 ;2006
Santos;Santa Cruz;William Hill;1.14;5.50;13.00;03 Dec 2006; 3;1 ;2006
Corinthians;Juventude;William Hill;1.55;3.60;5.00;03 Dec 2006; 5;3 ;2006
Cruzeiro;Botafogo RJ;bet-at-home;1.65;3.25;4.80;03 Dec 2006; 3;1 ;2006
Cruzeiro;Botafogo RJ;bwin;1.60;3.50;5.00;03 Dec 2006; 3;1 ;2006
Cruzeiro;Botafogo RJ;William Hill;1.65;3.40;4.50;03 Dec 2006; 3;1 ;2006
Figueirense;Vasco;bet-at-home;2.29;3.20;2.65;03 Dec 2006; 0;0 ;2006
Figueirense;Vasco;bet365;2.25;3.25;2.75;03 Dec 2006; 0;0 ;2006
Figueirense;Vasco;bwin;2.75;2.75;2.75;03 Dec 2006; 0;0 ;2006
Figueirense;Vasco;William Hill;2.75;2.75;2.75;03 Dec 2006; 0;0 ;2006
Fluminense;Palmeiras;bet-at-home;1.85;3.20;3.70;03 Dec 2006; 1;1 ;2006
Fluminense;Palmeiras;bwin;1.90;3.25;3.60;03 Dec 2006; 1;1 ;2006
Fluminense;Palmeiras;William Hill;1.90;3.20;3.50;03 Dec 2006; 1;1 ;2006
Parana;Sao Paulo;bet-at-home;2.00;3.25;3.20;03 Dec 2006; 0;0 ;2006
Parana;Sao Paulo;bet365;1.83;3.25;3.75;03 Dec 2006; 0;0 ;2006
Parana;Sao Paulo;William Hill;3.75;3.75;3.75;03 Dec 2006; 0;0 ;2006
Ponte Preta;Athletico-PR;bet-at-home;2.15;3.25;2.85;03 Dec 2006; 1;1 ;2006
Ponte Preta;Athletico-PR;William Hill;2.85;2.85;2.85;03 Dec 2006; 1;1 ;2006
Flamengo RJ;Sao Caetano;bet-at-home;1.40;3.80;6.80;02 Dec 2006; 4;1 ;2006
Flamengo RJ;Sao Caetano;bet365;1.44;3.75;6.50;02 Dec 2006; 4;1 ;2006
Flamengo RJ;Sao Caetano;William Hill;1.45;3.75;6.00;02 Dec 2006; 4;1 ;2006
Internacional;Goias;bet-at-home;1.45;3.70;6.20;02 Dec 2006; 1;4 ;2006
Internacional;Goias;bet365;1.40;1.40;6.50;02 Dec 2006; 1;4 ;2006
Internacional;Goias;bwin;6.50;6.50;6.50;02 Dec 2006; 1;4 ;2006
Internacional;Goias;William Hill;6.50;6.50;6.50;02 Dec 2006; 1;4 ;2006
Athletico-PR;Figueirense;bet-at-home;1.85;1.85;3.65;26 Nov 2006; 1;4 ;2006
Athletico-PR;Figueirense;bet365;1.70;3.25;4.33;26 Nov 2006; 1;4 ;2006
Athletico-PR;Figueirense;bwin;1.80;3.35;3.90;26 Nov 2006; 1;4 ;2006
Athletico-PR;Figueirense;William Hill;3.90;3.90;3.90;26 Nov 2006; 1;4 ;2006
Botafogo RJ;Corinthians;bet-at-home;2.10;3.20;3.00;26 Nov 2006; 0;0 ;2006
Botafogo RJ;Corinthians;bet365;2.00;3.25;3.20;26 Nov 2006; 0;0 ;2006
Botafogo RJ;Corinthians;bwin;3.20;3.20;3.20;26 Nov 2006; 0;0 ;2006
Botafogo RJ;Corinthians;William Hill;3.20;3.20;3.20;26 Nov 2006; 0;0 ;2006
Juventude;Fortaleza;bet-at-home;1.30;4.59;7.30;26 Nov 2006; 2;2 ;2006
Juventude;Fortaleza;bet365;1.29;4.50;9.00;26 Nov 2006; 2;2 ;2006
Juventude;Fortaleza;bwin;9.00;9.00;9.00;26 Nov 2006; 2;2 ;2006
Juventude;Fortaleza;William Hill;9.00;9.00;9.00;26 Nov 2006; 2;2 ;2006
Goias;Ponte Preta;bet-at-home;1.50;3.60;5.60;26 Nov 2006; 3;0 ;2006
Goias;Ponte Preta;bet365;1.40;3.90;6.50;26 Nov 2006; 3;0 ;2006
Goias;Ponte Preta;bwin;1.45;1.45;6.50;26 Nov 2006; 3;0 ;2006
Goias;Ponte Preta;William Hill;6.50;6.50;6.50;26 Nov 2006; 3;0 ;2006
Gremio;Flamengo RJ;bet-at-home;1.50;3.60;5.60;26 Nov 2006; 3;0 ;2006
Gremio;Flamengo RJ;bet365;1.44;1.44;6.00;26 Nov 2006; 3;0 ;2006
Gremio;Flamengo RJ;bwin;6.00;6.00;6.00;26 Nov 2006; 3;0 ;2006
Gremio;Flamengo RJ;William Hill;6.00;6.00;6.00;26 Nov 2006; 3;0 ;2006
Palmeiras;Internacional;bet-at-home;2.29;3.20;2.65;26 Nov 2006; 1;4 ;2006
Palmeiras;Internacional;bet365;2.29;2.29;2.60;26 Nov 2006; 1;4 ;2006
Palmeiras;Internacional;bwin;1.70;3.35;4.45;26 Nov 2006; 1;4 ;2006
Palmeiras;Internacional;William Hill;4.45;4.45;4.45;26 Nov 2006; 1;4 ;2006
Santa Cruz;Fluminense;bet-at-home;3.80;3.30;1.80;26 Nov 2006; 1;2 ;2006
Santa Cruz;Fluminense;bet365;3.40;3.25;3.25;26 Nov 2006; 1;2 ;2006
Santa Cruz;Fluminense;bwin;3.25;3.25;3.25;26 Nov 2006; 1;2 ;2006
Santa Cruz;Fluminense;William Hill;3.25;3.25;3.25;26 Nov 2006; 1;2 ;2006
Sao Caetano;Parana;bet-at-home;2.80;3.20;2.20;26 Nov 2006; 0;2 ;2006
Sao Caetano;Parana;bet365;2.90;3.25;2.10;26 Nov 2006; 0;2 ;2006
Sao Caetano;Parana;bwin;2.10;2.10;2.10;26 Nov 2006; 0;2 ;2006
Sao Caetano;Parana;William Hill;2.10;2.10;2.10;26 Nov 2006; 0;2 ;2006
Sao Paulo;Cruzeiro;bet-at-home;1.45;3.70;6.20;26 Nov 2006; 2;0 ;2006
Sao Paulo;Cruzeiro;bet365;1.44;3.75;6.00;26 Nov 2006; 2;0 ;2006
Sao Paulo;Cruzeiro;bwin;6.00;6.00;6.00;26 Nov 2006; 2;0 ;2006
Sao Paulo;Cruzeiro;William Hill;6.00;6.00;6.00;26 Nov 2006; 2;0 ;2006
Vasco;Santos;bet-at-home;1.90;3.20;3.50;26 Nov 2006; 1;1 ;2006
Vasco;Santos;bet365;1.83;3.25;3.70;26 Nov 2006; 1;1 ;2006
Vasco;Santos;bwin;3.70;3.70;3.70;26 Nov 2006; 1;1 ;2006
Vasco;Santos;William Hill;3.70;3.70;3.70;26 Nov 2006; 1;1 ;2006
Botafogo RJ;Goias;bet-at-home;1.70;3.35;4.20;19 Nov 2006; 2;2 ;2006
Botafogo RJ;Goias;bwin;1.70;3.40;4.34;19 Nov 2006; 2;2 ;2006
Botafogo RJ;Goias;William Hill;1.75;3.30;4.00;19 Nov 2006; 2;2 ;2006
Cruzeiro;Santos;bwin;2.25;3.30;2.75;19 Nov 2006; 1;1 ;2006
Cruzeiro;Santos;William Hill;2.10;3.20;3.00;19 Nov 2006; 1;1 ;2006
Fortaleza;Ponte Preta;bet-at-home;2.45;2.45;2.50;19 Nov 2006; 1;0 ;2006
Fortaleza;Ponte Preta;William Hill;2.54;2.54;2.45;19 Nov 2006; 1;0 ;2006
Juventude;Palmeiras;bet-at-home;1.75;3.30;4.00;19 Nov 2006; 3;2 ;2006
Juventude;Palmeiras;bet365;1.75;3.25;4.00;19 Nov 2006; 3;2 ;2006
Juventude;Palmeiras;William Hill;4.00;4.00;4.00;19 Nov 2006; 3;2 ;2006
Parana;Internacional;bet-at-home;2.35;3.20;2.60;19 Nov 2006; 1;0 ;2006
Parana;Internacional;bet365;2.29;2.29;2.63;19 Nov 2006; 1;0 ;2006
Parana;Internacional;bwin;2.63;2.63;2.63;19 Nov 2006; 1;0 ;2006
Parana;Internacional;William Hill;2.63;2.63;2.63;19 Nov 2006; 1;0 ;2006
Sao Caetano;Vasco;bet-at-home;2.60;2.60;2.35;19 Nov 2006; 0;1 ;2006
Sao Caetano;Vasco;bet365;2.60;3.25;2.29;19 Nov 2006; 0;1 ;2006
Sao Caetano;Vasco;bwin;2.70;3.25;2.29;19 Nov 2006; 0;1 ;2006
Sao Caetano;Vasco;William Hill;2.29;2.29;2.29;19 Nov 2006; 0;1 ;2006
Sao Paulo;Athletico-PR;bet-at-home;1.20;5.35;10.00;19 Nov 2006; 1;1 ;2006
Sao Paulo;Athletico-PR;bet365;1.20;5.25;10.00;19 Nov 2006; 1;1 ;2006
Sao Paulo;Athletico-PR;bwin;1.20;5.50;10.50;19 Nov 2006; 1;1 ;2006
Sao Paulo;Athletico-PR;William Hill;1.20;5.00;11.00;19 Nov 2006; 1;1 ;2006
Corinthians;Fluminense;bet-at-home;1.50;1.50;5.75;18 Nov 2006; 1;1 ;2006
Corinthians;Fluminense;William Hill;1.50;3.60;3.60;18 Nov 2006; 1;1 ;2006
Flamengo RJ;Figueirense;bet-at-home;1.75;3.30;4.00;18 Nov 2006; 0;2 ;2006
Flamengo RJ;Figueirense;bet365;1.75;3.25;4.00;18 Nov 2006; 0;2 ;2006
Flamengo RJ;Figueirense;William Hill;4.00;4.00;4.00;18 Nov 2006; 0;2 ;2006
Gremio;Santa Cruz;bet-at-home;1.14;6.20;11.00;18 Nov 2006; 3;1 ;2006
Gremio;Santa Cruz;bet365;1.10;7.50;15.00;18 Nov 2006; 3;1 ;2006
Gremio;Santa Cruz;bwin;1.10;7.50;14.00;18 Nov 2006; 3;1 ;2006
Gremio;Santa Cruz;William Hill;1.10;7.00;14.00;18 Nov 2006; 3;1 ;2006
Athletico-PR;Gremio;bet-at-home;2.54;3.20;2.40;12 Nov 2006; 2;3 ;2006
Athletico-PR;Gremio;bwin;2.60;3.20;2.40;12 Nov 2006; 2;3 ;2006
Athletico-PR;Gremio;William Hill;2.40;3.20;2.50;12 Nov 2006; 2;3 ;2006
Santa Cruz;Sao Caetano;bet-at-home;2.20;3.10;2.90;12 Nov 2006; 0;3 ;2006
Santa Cruz;Sao Caetano;bwin;2.20;3.20;2.90;12 Nov 2006; 0;3 ;2006
Santa Cruz;Sao Caetano;William Hill;2.90;2.90;2.90;12 Nov 2006; 0;3 ;2006
Figueirense;Corinthians;bet-at-home;2.00;3.20;3.20;12 Nov 2006; 0;0 ;2006
Figueirense;Corinthians;bwin;2.00;3.20;3.35;12 Nov 2006; 0;0 ;2006
Figueirense;Corinthians;William Hill;3.35;3.35;3.35;12 Nov 2006; 0;0 ;2006
Fluminense;Cruzeiro;bet-at-home;2.10;3.10;3.10;12 Nov 2006; 1;0 ;2006
Fluminense;Cruzeiro;bet365;2.38;3.25;2.60;12 Nov 2006; 1;0 ;2006
Fluminense;Cruzeiro;bwin;2.00;3.25;3.30;12 Nov 2006; 1;0 ;2006
Fluminense;Cruzeiro;William Hill;2.25;3.15;2.75;12 Nov 2006; 1;0 ;2006
Goias;Sao Paulo;bet-at-home;2.54;3.20;2.40;12 Nov 2006; 0;2 ;2006
Goias;Sao Paulo;bwin;2.50;2.50;2.50;12 Nov 2006; 0;2 ;2006
Goias;Sao Paulo;William Hill;2.50;2.50;2.50;12 Nov 2006; 0;2 ;2006
Ponte Preta;Flamengo RJ;bet-at-home;2.25;3.20;2.75;12 Nov 2006; 3;0 ;2006
Ponte Preta;Flamengo RJ;bet365;2.40;2.40;2.50;12 Nov 2006; 3;0 ;2006
Ponte Preta;Flamengo RJ;bwin;2.50;2.50;2.50;12 Nov 2006; 3;0 ;2006
Ponte Preta;Flamengo RJ;William Hill;2.50;2.50;2.50;12 Nov 2006; 3;0 ;2006
Internacional;Fortaleza;bet-at-home;1.25;4.59;9.50;11 Nov 2006; 3;0 ;2006
Internacional;Fortaleza;bet365;1.22;5.00;9.50;11 Nov 2006; 3;0 ;2006
Internacional;Fortaleza;bwin;1.30;4.50;8.25;11 Nov 2006; 3;0 ;2006
Internacional;Fortaleza;William Hill;1.30;4.30;8.00;11 Nov 2006; 3;0 ;2006
Santos;Parana;bet-at-home;1.65;3.40;4.50;11 Nov 2006; 1;0 ;2006
Santos;Parana;bwin;1.60;3.40;5.20;11 Nov 2006; 1;0 ;2006
Santos;Parana;William Hill;1.60;3.50;4.59;11 Nov 2006; 1;0 ;2006
Vasco;Juventude;bet-at-home;1.45;3.70;6.20;11 Nov 2006; 1;1 ;2006
Vasco;Juventude;bwin;6.20;6.20;6.20;11 Nov 2006; 1;1 ;2006
Vasco;Juventude;William Hill;6.20;6.20;6.20;11 Nov 2006; 1;1 ;2006
Fluminense;Ponte Preta;bet-at-home;1.70;3.30;4.30;09 Nov 2006; 0;0 ;2006
Fluminense;Ponte Preta;bwin;1.70;3.30;4.50;09 Nov 2006; 0;0 ;2006
Fluminense;Ponte Preta;William Hill;1.65;3.40;4.50;09 Nov 2006; 0;0 ;2006
Santa Cruz;Cruzeiro;bet-at-home;3.20;3.25;2.00;09 Nov 2006; 4;1 ;2006
Santa Cruz;Cruzeiro;bwin;2.00;2.00;2.00;09 Nov 2006; 4;1 ;2006
Sao Paulo;Botafogo RJ;bet-at-home;1.35;4.20;7.00;09 Nov 2006; 3;0 ;2006
Sao Paulo;Botafogo RJ;bwin;7.00;7.00;7.00;09 Nov 2006; 3;0 ;2006
Sao Paulo;Botafogo RJ;William Hill;7.00;7.00;7.00;09 Nov 2006; 3;0 ;2006
Internacional;Santos;bet-at-home;1.65;3.40;4.50;08 Nov 2006; 0;0 ;2006
Internacional;Santos;bwin;4.50;4.50;4.50;08 Nov 2006; 0;0 ;2006
Internacional;Santos;William Hill;1.60;1.60;5.00;08 Nov 2006; 0;0 ;2006
Palmeiras;Fortaleza;bet-at-home;1.45;3.80;5.90;08 Nov 2006; 3;0 ;2006
Palmeiras;Fortaleza;bwin;1.42;3.90;6.75;08 Nov 2006; 3;0 ;2006
Palmeiras;Fortaleza;William Hill;1.50;3.60;5.50;08 Nov 2006; 3;0 ;2006
Juventude;Gremio;bet-at-home;2.45;3.20;2.50;08 Nov 2006; 1;2 ;2006
Juventude;Gremio;bwin;2.50;3.20;2.50;08 Nov 2006; 1;2 ;2006
Juventude;Gremio;William Hill;2.29;3.20;2.65;08 Nov 2006; 1;2 ;2006
Sao Caetano;Figueirense;bet-at-home;2.70;3.15;2.29;08 Nov 2006; 3;1 ;2006
Sao Caetano;Figueirense;bwin;2.29;2.29;2.29;08 Nov 2006; 3;1 ;2006
Sao Caetano;Figueirense;William Hill;2.29;2.29;2.29;08 Nov 2006; 3;1 ;2006
Vasco;Parana;bet-at-home;1.80;3.25;3.85;08 Nov 2006; 3;1 ;2006
Vasco;Parana;bwin;1.70;3.45;4.25;08 Nov 2006; 3;1 ;2006
Vasco;Parana;William Hill;1.80;3.10;4.00;08 Nov 2006; 3;1 ;2006
Botafogo RJ;Fluminense;bet-at-home;2.00;3.20;3.20;05 Nov 2006; 2;1 ;2006
Botafogo RJ;Fluminense;bwin;2.10;3.15;3.15;05 Nov 2006; 2;1 ;2006
Botafogo RJ;Fluminense;William Hill;2.20;3.10;2.90;05 Nov 2006; 2;1 ;2006
Corinthians;Santa Cruz;bet-at-home;1.20;5.30;10.00;05 Nov 2006; 1;0 ;2006
Corinthians;Santa Cruz;bwin;10.00;10.00;10.00;05 Nov 2006; 1;0 ;2006
Corinthians;Santa Cruz;William Hill;10.00;10.00;10.00;05 Nov 2006; 1;0 ;2006
Parana;Palmeiras;bet-at-home;1.65;3.40;4.50;05 Nov 2006; 4;2 ;2006
Parana;Palmeiras;bwin;1.65;3.45;4.59;05 Nov 2006; 4;2 ;2006
Parana;Palmeiras;William Hill;1.65;3.35;4.50;05 Nov 2006; 4;2 ;2006
Cruzeiro;Vasco;bet-at-home;1.95;3.20;3.35;05 Nov 2006; 2;1 ;2006
Cruzeiro;Vasco;bwin;2.10;3.15;3.15;05 Nov 2006; 2;1 ;2006
Cruzeiro;Vasco;William Hill;1.95;3.25;3.25;05 Nov 2006; 2;1 ;2006
Fortaleza;Goias;bet-at-home;2.35;3.15;2.65;05 Nov 2006; 0;3 ;2006
Fortaleza;Goias;bwin;2.35;3.10;2.75;05 Nov 2006; 0;3 ;2006
Fortaleza;Goias;William Hill;2.50;3.10;2.50;05 Nov 2006; 0;3 ;2006
Gremio;Internacional;bet-at-home;2.20;3.15;2.85;05 Nov 2006; 0;1 ;2006
Gremio;Internacional;bet365;2.00;2.00;2.00;05 Nov 2006; 0;1 ;2006
Gremio;Internacional;bwin;2.00;2.00;2.00;05 Nov 2006; 0;1 ;2006
Gremio;Internacional;William Hill;2.00;2.00;2.00;05 Nov 2006; 0;1 ;2006
Ponte Preta;Sao Caetano;bet-at-home;1.70;3.40;4.15;05 Nov 2006; 1;2 ;2006
Ponte Preta;Sao Caetano;bet365;2.00;2.00;2.00;05 Nov 2006; 1;2 ;2006
Ponte Preta;Sao Caetano;bwin;2.00;2.00;2.00;05 Nov 2006; 1;2 ;2006
Ponte Preta;Sao Caetano;William Hill;2.00;2.00;2.00;05 Nov 2006; 1;2 ;2006
Santos;Sao Paulo;bet-at-home;2.25;3.10;2.80;05 Nov 2006; 0;1 ;2006
Santos;Sao Paulo;bet365;2.25;2.25;2.63;05 Nov 2006; 0;1 ;2006
Santos;Sao Paulo;bwin;2.63;2.63;2.63;05 Nov 2006; 0;1 ;2006
Santos;Sao Paulo;William Hill;2.63;2.63;2.63;05 Nov 2006; 0;1 ;2006
Figueirense;Juventude;bet-at-home;1.55;3.45;5.30;04 Nov 2006; 1;0 ;2006
Figueirense;Juventude;bet365;1.53;1.53;5.00;04 Nov 2006; 1;0 ;2006
Figueirense;Juventude;bwin;5.00;5.00;5.00;04 Nov 2006; 1;0 ;2006
Figueirense;Juventude;William Hill;5.00;5.00;5.00;04 Nov 2006; 1;0 ;2006
Flamengo RJ;Athletico-PR;bet-at-home;2.10;3.15;3.05;04 Nov 2006; 1;0 ;2006
Flamengo RJ;Athletico-PR;bwin;2.20;3.20;2.90;04 Nov 2006; 1;0 ;2006
Flamengo RJ;Athletico-PR;William Hill;2.10;3.15;3.00;04 Nov 2006; 1;0 ;2006
Botafogo RJ;Internacional;bet-at-home;2.25;3.15;2.80;02 Nov 2006; 0;1 ;2006
Botafogo RJ;Internacional;bwin;2.20;2.20;3.00;02 Nov 2006; 0;1 ;2006
Botafogo RJ;Internacional;William Hill;3.00;3.00;3.00;02 Nov 2006; 0;1 ;2006
Cruzeiro;Parana;bet-at-home;1.75;3.30;4.05;02 Nov 2006; 2;2 ;2006
Cruzeiro;Parana;bwin;1.75;1.75;4.25;02 Nov 2006; 2;2 ;2006
Cruzeiro;Parana;William Hill;4.25;4.25;4.25;02 Nov 2006; 2;2 ;2006
Sao Paulo;Ponte Preta;bet-at-home;1.14;5.50;14.00;02 Nov 2006; 1;1 ;2006
Sao Paulo;Ponte Preta;bwin;14.00;14.00;14.00;02 Nov 2006; 1;1 ;2006
Sao Paulo;Ponte Preta;William Hill;14.00;14.00;14.00;02 Nov 2006; 1;1 ;2006
Juventude;Santos;bet-at-home;2.29;3.15;2.70;01 Nov 2006; 3;2 ;2006
Juventude;Santos;bwin;2.29;3.10;2.85;01 Nov 2006; 3;2 ;2006
Juventude;Santos;William Hill;2.25;3.20;2.75;01 Nov 2006; 3;2 ;2006
Fortaleza;Corinthians;bet-at-home;2.45;3.10;2.54;01 Nov 2006; 0;4 ;2006
Fortaleza;Corinthians;bwin;2.54;2.54;2.54;01 Nov 2006; 0;4 ;2006
Gremio;Figueirense;bet-at-home;1.45;3.75;6.00;01 Nov 2006; 1;2 ;2006
Gremio;Figueirense;bet365;1.44;3.75;6.00;01 Nov 2006; 1;2 ;2006
Gremio;Figueirense;bwin;1.45;3.60;7.00;01 Nov 2006; 1;2 ;2006
Gremio;Figueirense;William Hill;1.45;3.60;6.50;01 Nov 2006; 1;2 ;2006
Sao Caetano;Fluminense;bet-at-home;2.25;2.25;2.80;01 Nov 2006; 1;1 ;2006
Sao Caetano;Fluminense;bet365;2.80;2.80;2.80;01 Nov 2006; 1;1 ;2006
Sao Caetano;Fluminense;bwin;2.80;2.80;2.80;01 Nov 2006; 1;1 ;2006
Sao Caetano;Fluminense;William Hill;2.80;2.80;2.80;01 Nov 2006; 1;1 ;2006
Athletico-PR;Vasco;bet-at-home;1.90;3.25;3.50;01 Nov 2006; 6;4 ;2006
Athletico-PR;Vasco;bwin;1.80;3.25;4.00;01 Nov 2006; 6;4 ;2006
Athletico-PR;Vasco;William Hill;1.90;3.20;3.50;01 Nov 2006; 6;4 ;2006
Flamengo RJ;Santa Cruz;bet-at-home;1.20;5.09;11.00;01 Nov 2006; 1;1 ;2006
Flamengo RJ;Santa Cruz;bwin;11.00;11.00;11.00;01 Nov 2006; 1;1 ;2006
Palmeiras;Goias;bet-at-home;1.65;1.65;4.59;01 Nov 2006; 1;3 ;2006
Palmeiras;Goias;bet365;4.59;4.59;4.59;01 Nov 2006; 1;3 ;2006
Palmeiras;Goias;bwin;4.59;4.59;4.59;01 Nov 2006; 1;3 ;2006
Palmeiras;Goias;William Hill;4.59;4.59;4.59;01 Nov 2006; 1;3 ;2006
Goias;Cruzeiro;bet-at-home;1.70;3.35;4.25;28 Oct 2006; 2;3 ;2006
Goias;Cruzeiro;bwin;1.70;3.45;4.25;28 Oct 2006; 2;3 ;2006
Santos;Sao Caetano;bet-at-home;1.20;5.50;9.50;28 Oct 2006; 1;0 ;2006
Santos;Sao Caetano;bwin;9.50;9.50;9.50;28 Oct 2006; 1;0 ;2006
Athletico-PR;Parana;bet-at-home;2.10;3.20;3.00;28 Oct 2006; 4;0 ;2006
Athletico-PR;Parana;bwin;3.00;3.00;3.00;28 Oct 2006; 4;0 ;2006
Figueirense;Sao Paulo;bet-at-home;2.45;3.15;2.54;28 Oct 2006; 0;2 ;2006
Figueirense;Sao Paulo;bwin;2.50;3.10;2.54;28 Oct 2006; 0;2 ;2006
Ponte Preta;Botafogo RJ;bet-at-home;2.15;2.15;2.90;28 Oct 2006; 1;2 ;2006
Ponte Preta;Botafogo RJ;bwin;2.90;2.90;2.90;28 Oct 2006; 1;2 ;2006
Fluminense;Gremio;bet-at-home;2.35;3.15;2.65;26 Oct 2006; 1;2 ;2006
Fluminense;Gremio;bwin;2.29;2.29;2.85;26 Oct 2006; 1;2 ;2006
Fluminense;Gremio;William Hill;2.85;2.85;2.85;26 Oct 2006; 1;2 ;2006
Internacional;Juventude;bet-at-home;1.40;3.80;7.00;26 Oct 2006; 1;0 ;2006
Internacional;Juventude;bwin;7.00;7.00;7.00;26 Oct 2006; 1;0 ;2006
Internacional;Juventude;William Hill;7.00;7.00;7.00;26 Oct 2006; 1;0 ;2006
Santa Cruz;Fortaleza;bet-at-home;2.29;3.20;2.65;26 Oct 2006; 0;1 ;2006
Santa Cruz;Fortaleza;bwin;2.29;3.10;2.85;26 Oct 2006; 0;1 ;2006
Santa Cruz;Fortaleza;William Hill;2.29;3.10;2.75;26 Oct 2006; 0;1 ;2006
Vasco;Flamengo RJ;bet-at-home;2.35;2.35;2.65;26 Oct 2006; 3;1 ;2006
Vasco;Flamengo RJ;bwin;2.40;3.10;2.70;26 Oct 2006; 3;1 ;2006
Vasco;Flamengo RJ;William Hill;2.70;2.70;2.70;26 Oct 2006; 3;1 ;2006
Corinthians;Palmeiras;bet-at-home;2.29;3.20;2.65;25 Oct 2006; 1;0 ;2006
Corinthians;Palmeiras;bwin;2.45;2.45;2.65;25 Oct 2006; 1;0 ;2006
Corinthians;Palmeiras;William Hill;2.65;2.65;2.65;25 Oct 2006; 1;0 ;2006
Botafogo RJ;Sao Caetano;bet-at-home;1.45;3.80;5.85;22 Oct 2006; 2;1 ;2006
Botafogo RJ;Sao Caetano;bwin;1.40;1.40;8.00;22 Oct 2006; 2;1 ;2006
Corinthians;Cruzeiro;bet-at-home;1.90;3.20;3.50;22 Oct 2006; 1;0 ;2006
Corinthians;Cruzeiro;bwin;2.00;3.15;3.40;22 Oct 2006; 1;0 ;2006
Juventude;Fluminense;bet-at-home;1.60;3.40;4.84;22 Oct 2006; 1;1 ;2006
Juventude;Fluminense;bet365;1.57;1.57;5.50;22 Oct 2006; 1;1 ;2006
Juventude;Fluminense;bwin;1.55;1.55;5.60;22 Oct 2006; 1;1 ;2006
Juventude;Fluminense;William Hill;5.60;5.60;5.60;22 Oct 2006; 1;1 ;2006
Fortaleza;Athletico-PR;bet-at-home;2.00;2.00;3.25;22 Oct 2006; 3;4 ;2006
Fortaleza;Athletico-PR;bwin;3.25;3.25;3.25;22 Oct 2006; 3;4 ;2006
Fortaleza;Athletico-PR;William Hill;3.25;3.25;3.25;22 Oct 2006; 3;4 ;2006
Gremio;Sao Paulo;bet-at-home;2.10;3.10;3.10;22 Oct 2006; 1;1 ;2006
Gremio;Sao Paulo;bet365;2.04;2.04;3.20;22 Oct 2006; 1;1 ;2006
Gremio;Sao Paulo;bwin;3.20;3.20;3.20;22 Oct 2006; 1;1 ;2006
Gremio;Sao Paulo;William Hill;3.20;3.20;3.20;22 Oct 2006; 1;1 ;2006
Parana;Flamengo RJ;bet-at-home;1.60;3.40;4.84;22 Oct 2006; 0;2 ;2006
Parana;Flamengo RJ;bwin;4.84;4.84;4.84;22 Oct 2006; 0;2 ;2006
Ponte Preta;Internacional;bet-at-home;2.65;3.10;2.35;21 Oct 2006; 0;2 ;2006
Ponte Preta;Internacional;bet365;2.50;2.50;2.38;21 Oct 2006; 0;2 ;2006
Ponte Preta;Internacional;bwin;2.38;2.38;2.38;21 Oct 2006; 0;2 ;2006
Ponte Preta;Internacional;William Hill;2.38;2.38;2.38;21 Oct 2006; 0;2 ;2006
Santos;Figueirense;bet-at-home;1.50;3.60;5.60;21 Oct 2006; 2;1 ;2006
Santos;Figueirense;bwin;5.60;5.60;5.60;21 Oct 2006; 2;1 ;2006
Santos;Figueirense;William Hill;5.60;5.60;5.60;21 Oct 2006; 2;1 ;2006
Goias;Santa Cruz;bet-at-home;1.35;4.20;6.85;21 Oct 2006; 5;3 ;2006
Goias;Santa Cruz;bwin;6.85;6.85;6.85;21 Oct 2006; 5;3 ;2006
Goias;Santa Cruz;William Hill;6.85;6.85;6.85;21 Oct 2006; 5;3 ;2006
Vasco;Palmeiras;bet-at-home;1.85;3.20;3.70;18 Oct 2006; 3;0 ;2006
Vasco;Palmeiras;bwin;2.00;3.20;3.35;18 Oct 2006; 3;0 ;2006
Palmeiras;Athletico-PR;bet-at-home;1.60;3.40;4.90;15 Oct 2006; 2;2 ;2006
Palmeiras;Athletico-PR;bet365;1.57;1.57;5.00;15 Oct 2006; 2;2 ;2006
Palmeiras;Athletico-PR;bwin;5.00;5.00;5.00;15 Oct 2006; 2;2 ;2006
Santa Cruz;Vasco;bet-at-home;2.65;3.20;2.29;15 Oct 2006; 0;4 ;2006
Santa Cruz;Vasco;bet365;2.63;3.25;2.29;15 Oct 2006; 0;4 ;2006
Santa Cruz;Vasco;bwin;2.29;2.29;2.29;15 Oct 2006; 0;4 ;2006
Figueirense;Ponte Preta;bet-at-home;1.45;1.45;6.50;15 Oct 2006; 2;1 ;2006
Figueirense;Ponte Preta;bet365;1.40;1.40;7.00;15 Oct 2006; 2;1 ;2006
Figueirense;Ponte Preta;bwin;7.00;7.00;7.00;15 Oct 2006; 2;1 ;2006
Flamengo RJ;Corinthians;bet-at-home;2.15;3.20;2.90;15 Oct 2006; 3;0 ;2006
Flamengo RJ;Corinthians;bet365;2.10;3.20;3.00;15 Oct 2006; 3;0 ;2006
Flamengo RJ;Corinthians;bwin;3.00;3.00;3.00;15 Oct 2006; 3;0 ;2006
Internacional;Fluminense;bet-at-home;1.35;4.00;7.70;15 Oct 2006; 2;0 ;2006
Internacional;Fluminense;bet365;1.33;4.20;7.50;15 Oct 2006; 2;0 ;2006
Internacional;Fluminense;bwin;7.50;7.50;7.50;15 Oct 2006; 2;0 ;2006
Parana;Goias;bet-at-home;1.65;3.40;4.50;15 Oct 2006; 1;0 ;2006
Parana;Goias;bwin;1.65;3.50;3.50;15 Oct 2006; 1;0 ;2006
Botafogo RJ;Santos;bet-at-home;2.50;3.20;2.45;14 Oct 2006; 4;3 ;2006
Botafogo RJ;Santos;bet365;2.25;2.25;2.70;14 Oct 2006; 4;3 ;2006
Botafogo RJ;Santos;bwin;2.70;2.70;2.70;14 Oct 2006; 4;3 ;2006
Sao Caetano;Gremio;bet-at-home;2.80;2.80;2.20;14 Oct 2006; 0;2 ;2006
Sao Caetano;Gremio;bet365;2.75;2.75;2.20;14 Oct 2006; 0;2 ;2006
Sao Caetano;Gremio;bwin;2.20;2.20;2.20;14 Oct 2006; 0;2 ;2006
Sao Paulo;Juventude;bet-at-home;1.25;4.70;9.00;14 Oct 2006; 5;0 ;2006
Sao Paulo;Juventude;bet365;1.25;4.75;9.00;14 Oct 2006; 5;0 ;2006
Sao Paulo;Juventude;bwin;9.00;9.00;9.00;14 Oct 2006; 5;0 ;2006
Cruzeiro;Fortaleza;bet-at-home;1.30;4.40;8.00;14 Oct 2006; 0;0 ;2006
Cruzeiro;Fortaleza;bet365;1.33;4.20;7.50;14 Oct 2006; 0;0 ;2006
Cruzeiro;Fortaleza;bwin;7.50;7.50;7.50;14 Oct 2006; 0;0 ;2006
Figueirense;Botafogo RJ;bet-at-home;1.75;1.75;4.09;08 Oct 2006; 1;0 ;2006
Figueirense;Botafogo RJ;bet365;1.73;3.40;3.40;08 Oct 2006; 1;0 ;2006
Figueirense;Botafogo RJ;bwin;3.40;3.40;3.40;08 Oct 2006; 1;0 ;2006
Figueirense;Botafogo RJ;William Hill;3.40;3.40;3.40;08 Oct 2006; 1;0 ;2006
Santos;Gremio;bet-at-home;1.85;1.85;3.65;08 Oct 2006; 1;0 ;2006
Santos;Gremio;bet365;1.91;1.91;3.50;08 Oct 2006; 1;0 ;2006
Santos;Gremio;bwin;3.50;3.50;3.50;08 Oct 2006; 1;0 ;2006
Santos;Gremio;William Hill;3.50;3.50;3.50;08 Oct 2006; 1;0 ;2006
Athletico-PR;Cruzeiro;bet-at-home;1.85;3.30;3.60;08 Oct 2006; 1;1 ;2006
Athletico-PR;Cruzeiro;bet365;1.83;1.83;3.60;08 Oct 2006; 1;1 ;2006
Athletico-PR;Cruzeiro;bwin;3.60;3.60;3.60;08 Oct 2006; 1;1 ;2006
Athletico-PR;Cruzeiro;William Hill;3.60;3.60;3.60;08 Oct 2006; 1;1 ;2006
Goias;Corinthians;bet-at-home;2.10;3.25;2.95;08 Oct 2006; 3;1 ;2006
Goias;Corinthians;bet365;2.00;2.00;3.20;08 Oct 2006; 3;1 ;2006
Goias;Corinthians;bwin;3.20;3.20;3.20;08 Oct 2006; 3;1 ;2006
Goias;Corinthians;William Hill;3.20;3.20;3.20;08 Oct 2006; 3;1 ;2006
Internacional;Sao Caetano;bet-at-home;1.30;4.25;7.85;08 Oct 2006; 1;0 ;2006
Internacional;Sao Caetano;bet365;1.30;1.30;8.50;08 Oct 2006; 1;0 ;2006
Internacional;Sao Caetano;bwin;8.50;8.50;8.50;08 Oct 2006; 1;0 ;2006
Internacional;Sao Caetano;William Hill;8.50;8.50;8.50;08 Oct 2006; 1;0 ;2006
Palmeiras;Flamengo RJ;bet-at-home;1.80;3.20;3.90;08 Oct 2006; 3;1 ;2006
Palmeiras;Flamengo RJ;bet365;1.80;1.80;3.75;08 Oct 2006; 3;1 ;2006
Palmeiras;Flamengo RJ;bwin;3.75;3.75;3.75;08 Oct 2006; 3;1 ;2006
Palmeiras;Flamengo RJ;William Hill;3.75;3.75;3.75;08 Oct 2006; 3;1 ;2006
Santa Cruz;Parana;bet-at-home;2.45;3.20;2.50;08 Oct 2006; 1;3 ;2006
Santa Cruz;Parana;bwin;2.29;3.20;2.75;08 Oct 2006; 1;3 ;2006
Santa Cruz;Parana;William Hill;2.40;3.20;2.54;08 Oct 2006; 1;3 ;2006
Fluminense;Sao Paulo;bet-at-home;2.75;2.75;2.25;07 Oct 2006; 1;2 ;2006
Fluminense;Sao Paulo;bwin;2.65;2.65;2.35;07 Oct 2006; 1;2 ;2006
Vasco;Fortaleza;bet-at-home;1.55;3.60;5.00;07 Oct 2006; 2;0 ;2006
Vasco;Fortaleza;bwin;1.65;3.50;4.50;07 Oct 2006; 2;0 ;2006
Vasco;Fortaleza;William Hill;1.70;3.30;4.30;07 Oct 2006; 2;0 ;2006
Ponte Preta;Juventude;bet-at-home;1.90;3.20;3.50;07 Oct 2006; 3;1 ;2006
Ponte Preta;Juventude;bet365;2.00;3.25;3.20;07 Oct 2006; 3;1 ;2006
Ponte Preta;Juventude;bwin;3.20;3.20;3.20;07 Oct 2006; 3;1 ;2006
Ponte Preta;Juventude;William Hill;3.20;3.20;3.20;07 Oct 2006; 3;1 ;2006
Botafogo RJ;Santa Cruz;bet-at-home;1.50;3.60;5.60;05 Oct 2006; 3;0 ;2006
Botafogo RJ;Santa Cruz;bwin;1.50;3.70;5.65;05 Oct 2006; 3;0 ;2006
Botafogo RJ;Santa Cruz;William Hill;1.55;3.50;5.25;05 Oct 2006; 3;0 ;2006
Corinthians;Santos;bet-at-home;2.04;3.15;3.15;05 Oct 2006; 0;3 ;2006
Corinthians;Santos;bwin;2.10;3.20;3.10;05 Oct 2006; 0;3 ;2006
Corinthians;Santos;William Hill;2.10;3.10;3.10;05 Oct 2006; 0;3 ;2006
Cruzeiro;Internacional;bet-at-home;2.10;3.20;3.00;05 Oct 2006; 2;1 ;2006
Cruzeiro;Internacional;bwin;2.20;3.10;3.00;05 Oct 2006; 2;1 ;2006
Cruzeiro;Internacional;William Hill;2.10;3.10;3.10;05 Oct 2006; 2;1 ;2006
Flamengo RJ;Fluminense;bet-at-home;2.29;3.10;2.75;04 Oct 2006; 4;1 ;2006
Flamengo RJ;Fluminense;bwin;2.29;3.20;2.75;04 Oct 2006; 4;1 ;2006
Flamengo RJ;Fluminense;William Hill;2.29;3.10;2.70;04 Oct 2006; 4;1 ;2006
Fortaleza;Figueirense;bet-at-home;2.10;3.15;3.05;04 Oct 2006; 1;1 ;2006
Fortaleza;Figueirense;bwin;2.10;3.20;3.10;04 Oct 2006; 1;1 ;2006
Fortaleza;Figueirense;William Hill;2.15;3.10;3.00;04 Oct 2006; 1;1 ;2006
Gremio;Palmeiras;bet-at-home;1.55;1.55;5.20;04 Oct 2006; 2;1 ;2006
Gremio;Palmeiras;bwin;5.20;5.20;5.20;04 Oct 2006; 2;1 ;2006
Gremio;Palmeiras;William Hill;5.20;5.20;5.20;04 Oct 2006; 2;1 ;2006
Parana;Ponte Preta;bet-at-home;1.40;3.80;7.00;04 Oct 2006; 2;1 ;2006
Parana;Ponte Preta;bwin;1.35;4.20;7.50;04 Oct 2006; 2;1 ;2006
Sao Caetano;Goias;bet-at-home;2.20;2.20;2.85;04 Oct 2006; 1;2 ;2006
Sao Caetano;Goias;bwin;2.85;2.85;2.85;04 Oct 2006; 1;2 ;2006
Sao Caetano;Goias;William Hill;2.85;2.85;2.85;04 Oct 2006; 1;2 ;2006
Sao Paulo;Vasco;bet-at-home;1.55;3.60;5.00;04 Oct 2006; 5;1 ;2006
Sao Paulo;Vasco;bwin;1.55;3.65;5.15;04 Oct 2006; 5;1 ;2006
Sao Paulo;Vasco;William Hill;5.15;5.15;5.15;04 Oct 2006; 5;1 ;2006
Athletico-PR;Sao Paulo;bet-at-home;2.29;3.15;2.70;30 Sep 2006; 0;0 ;2006
Athletico-PR;Sao Paulo;bwin;2.40;3.20;2.60;30 Sep 2006; 0;0 ;2006
Athletico-PR;Sao Paulo;William Hill;2.35;3.10;2.65;30 Sep 2006; 0;0 ;2006
Internacional;Parana;bet-at-home;1.80;3.30;3.80;30 Sep 2006; 3;2 ;2006
Internacional;Parana;bet365;1.83;1.83;3.75;30 Sep 2006; 3;2 ;2006
Internacional;Parana;bwin;3.75;3.75;3.75;30 Sep 2006; 3;2 ;2006
Internacional;Parana;William Hill;3.75;3.75;3.75;30 Sep 2006; 3;2 ;2006
Goias;Gremio;bet-at-home;2.20;3.20;2.80;24 Sep 2006; 4;0 ;2006
Goias;Gremio;bet365;2.20;3.20;2.88;24 Sep 2006; 4;0 ;2006
Goias;Gremio;bwin;2.88;2.88;2.88;24 Sep 2006; 4;0 ;2006
Goias;Gremio;William Hill;2.88;2.88;2.88;24 Sep 2006; 4;0 ;2006
Ponte Preta;Cruzeiro;bet-at-home;1.90;1.90;3.50;24 Sep 2006; 0;1 ;2006
Ponte Preta;Cruzeiro;bwin;1.90;1.90;3.65;24 Sep 2006; 0;1 ;2006
Ponte Preta;Cruzeiro;William Hill;3.65;3.65;3.65;24 Sep 2006; 0;1 ;2006
Vasco;Botafogo RJ;bet-at-home;1.90;1.90;3.50;24 Sep 2006; 0;0 ;2006
Vasco;Botafogo RJ;bwin;3.50;3.50;3.50;24 Sep 2006; 0;0 ;2006
Vasco;Botafogo RJ;William Hill;3.50;3.50;3.50;24 Sep 2006; 0;0 ;2006
Figueirense;Parana;bet-at-home;1.65;3.40;4.50;24 Sep 2006; 0;1 ;2006
Figueirense;Parana;bwin;1.65;3.50;4.50;24 Sep 2006; 0;1 ;2006
Figueirense;Parana;William Hill;1.70;3.30;4.30;24 Sep 2006; 0;1 ;2006
Internacional;Corinthians;bet-at-home;1.95;3.20;3.35;24 Sep 2006; 1;1 ;2006
Internacional;Corinthians;bwin;3.35;3.35;3.35;24 Sep 2006; 1;1 ;2006
Internacional;Corinthians;William Hill;3.35;3.35;3.35;24 Sep 2006; 1;1 ;2006
Palmeiras;Sao Paulo;bet-at-home;2.54;2.54;2.40;24 Sep 2006; 3;1 ;2006
Palmeiras;Sao Paulo;bwin;2.40;2.40;2.40;24 Sep 2006; 3;1 ;2006
Palmeiras;Sao Paulo;William Hill;2.60;2.60;2.40;24 Sep 2006; 3;1 ;2006
Santa Cruz;Juventude;bet-at-home;2.29;2.29;2.65;24 Sep 2006; 1;0 ;2006
Santa Cruz;Juventude;bwin;2.65;2.65;2.65;24 Sep 2006; 1;0 ;2006
Santa Cruz;Juventude;William Hill;2.65;2.65;2.65;24 Sep 2006; 1;0 ;2006
Santos;Flamengo RJ;bet-at-home;1.50;3.40;4.90;24 Sep 2006; 3;0 ;2006
Santos;Flamengo RJ;bwin;4.90;4.90;4.90;24 Sep 2006; 3;0 ;2006
Santos;Flamengo RJ;William Hill;4.90;4.90;4.90;24 Sep 2006; 3;0 ;2006
Athletico-PR;Sao Caetano;bet-at-home;1.60;3.40;4.90;23 Sep 2006; 3;1 ;2006
Athletico-PR;Sao Caetano;bwin;1.60;3.50;5.00;23 Sep 2006; 3;1 ;2006
Athletico-PR;Sao Caetano;William Hill;1.60;3.40;4.80;23 Sep 2006; 3;1 ;2006
Fluminense;Fortaleza;bet-at-home;1.60;3.40;4.90;23 Sep 2006; 1;3 ;2006
Fluminense;Fortaleza;bwin;4.90;4.90;4.90;23 Sep 2006; 1;3 ;2006
Fluminense;Fortaleza;William Hill;4.90;4.90;4.90;23 Sep 2006; 1;3 ;2006
Flamengo RJ;Cruzeiro;bet-at-home;2.00;2.00;3.25;21 Sep 2006; 1;0 ;2006
Flamengo RJ;Cruzeiro;bwin;3.25;3.25;3.25;21 Sep 2006; 1;0 ;2006
Flamengo RJ;Cruzeiro;William Hill;3.25;3.25;3.25;21 Sep 2006; 1;0 ;2006
Santa Cruz;Palmeiras;bet-at-home;2.65;3.15;2.35;21 Sep 2006; 3;2 ;2006
Santa Cruz;Palmeiras;bwin;2.60;3.15;2.45;21 Sep 2006; 3;2 ;2006
Santa Cruz;Palmeiras;William Hill;2.70;3.20;2.25;21 Sep 2006; 3;2 ;2006
Botafogo RJ;Juventude;bet-at-home;1.85;3.25;3.65;20 Sep 2006; 2;1 ;2006
Botafogo RJ;Juventude;bet365;3.65;3.65;3.65;20 Sep 2006; 2;1 ;2006
Botafogo RJ;Juventude;bwin;3.65;3.65;3.65;20 Sep 2006; 2;1 ;2006
Botafogo RJ;Juventude;William Hill;3.65;3.65;3.65;20 Sep 2006; 2;1 ;2006
Corinthians;Vasco;bet-at-home;1.70;3.25;4.40;20 Sep 2006; 1;1 ;2006
Corinthians;Vasco;bwin;1.65;3.50;4.50;20 Sep 2006; 1;1 ;2006
Corinthians;Vasco;William Hill;1.65;3.30;4.59;20 Sep 2006; 1;1 ;2006
Figueirense;Internacional;bet-at-home;2.35;3.15;2.65;20 Sep 2006; 1;0 ;2006
Figueirense;Internacional;bet365;2.25;3.25;2.75;20 Sep 2006; 1;0 ;2006
Figueirense;Internacional;bwin;2.35;3.10;2.75;20 Sep 2006; 1;0 ;2006
Figueirense;Internacional;William Hill;2.40;3.10;2.60;20 Sep 2006; 1;0 ;2006
Goias;Athletico-PR;bet-at-home;1.80;3.25;3.85;20 Sep 2006; 2;2 ;2006
Goias;Athletico-PR;bet365;1.80;3.40;3.75;20 Sep 2006; 2;2 ;2006
Goias;Athletico-PR;bwin;1.80;3.35;3.85;20 Sep 2006; 2;2 ;2006
Goias;Athletico-PR;William Hill;1.85;3.30;3.50;20 Sep 2006; 2;2 ;2006
Parana;Fortaleza;bet-at-home;1.35;4.00;7.60;20 Sep 2006; 2;0 ;2006
Parana;Fortaleza;bwin;7.60;7.60;7.60;20 Sep 2006; 2;0 ;2006
Parana;Fortaleza;William Hill;7.60;7.60;7.60;20 Sep 2006; 2;0 ;2006
Santos;Fluminense;bet-at-home;1.55;3.60;5.00;20 Sep 2006; 1;1 ;2006
Santos;Fluminense;bet365;1.53;3.50;5.50;20 Sep 2006; 1;1 ;2006
Santos;Fluminense;bwin;1.55;3.65;5.15;20 Sep 2006; 1;1 ;2006
Santos;Fluminense;William Hill;1.55;3.60;5.00;20 Sep 2006; 1;1 ;2006
Sao Caetano;Sao Paulo;bet-at-home;3.35;3.20;1.95;20 Sep 2006; 0;1 ;2006
Sao Caetano;Sao Paulo;bwin;3.45;3.25;1.95;20 Sep 2006; 0;1 ;2006
Sao Caetano;Sao Paulo;William Hill;3.10;3.10;2.10;20 Sep 2006; 0;1 ;2006
Gremio;Ponte Preta;bet-at-home;1.35;4.00;7.60;20 Sep 2006; 4;0 ;2006
Gremio;Ponte Preta;bet365;7.60;7.60;7.60;20 Sep 2006; 4;0 ;2006
Gremio;Ponte Preta;bwin;7.60;7.60;7.60;20 Sep 2006; 4;0 ;2006
Gremio;Ponte Preta;William Hill;7.60;7.60;7.60;20 Sep 2006; 4;0 ;2006
Fluminense;Figueirense;bet-at-home;2.10;3.10;3.00;17 Sep 2006; 2;0 ;2006
Fluminense;Figueirense;bet365;2.10;3.25;3.00;17 Sep 2006; 2;0 ;2006
Fluminense;Figueirense;bwin;2.10;3.10;3.20;17 Sep 2006; 2;0 ;2006
Fluminense;Figueirense;William Hill;2.15;3.20;2.90;17 Sep 2006; 2;0 ;2006
Fortaleza;Flamengo RJ;bet-at-home;2.29;3.10;2.75;17 Sep 2006; 3;4 ;2006
Fortaleza;Flamengo RJ;bet365;2.25;3.20;2.80;17 Sep 2006; 3;4 ;2006
Fortaleza;Flamengo RJ;bwin;2.35;3.10;2.75;17 Sep 2006; 3;4 ;2006
Fortaleza;Flamengo RJ;William Hill;2.29;3.10;2.75;17 Sep 2006; 3;4 ;2006
Ponte Preta;Santos;bet-at-home;2.60;3.10;2.40;17 Sep 2006; 1;0 ;2006
Ponte Preta;Santos;bwin;2.75;2.75;2.35;17 Sep 2006; 1;0 ;2006
Cruzeiro;Palmeiras;bet-at-home;1.90;3.20;3.50;17 Sep 2006; 1;0 ;2006
Cruzeiro;Palmeiras;bwin;1.85;3.25;3.80;17 Sep 2006; 1;0 ;2006
Cruzeiro;Palmeiras;William Hill;1.90;3.20;3.50;17 Sep 2006; 1;0 ;2006
Juventude;Sao Caetano;bet-at-home;1.45;3.75;6.00;17 Sep 2006; 1;0 ;2006
Juventude;Sao Caetano;bwin;6.00;6.00;6.00;17 Sep 2006; 1;0 ;2006
Juventude;Sao Caetano;William Hill;1.45;3.70;6.00;17 Sep 2006; 1;0 ;2006
Gremio;Botafogo RJ;bet-at-home;1.50;3.60;5.60;17 Sep 2006; 4;0 ;2006
Gremio;Botafogo RJ;bet365;1.53;3.50;5.50;17 Sep 2006; 4;0 ;2006
Gremio;Botafogo RJ;bwin;1.55;3.35;6.00;17 Sep 2006; 4;0 ;2006
Gremio;Botafogo RJ;William Hill;1.50;3.60;5.50;17 Sep 2006; 4;0 ;2006
Sao Paulo;Internacional;bet-at-home;2.00;3.15;3.25;17 Sep 2006; 2;0 ;2006
Sao Paulo;Internacional;bet365;2.00;3.25;3.25;17 Sep 2006; 2;0 ;2006
Sao Paulo;Internacional;bwin;2.10;3.10;3.20;17 Sep 2006; 2;0 ;2006
Sao Paulo;Internacional;William Hill;2.00;3.10;3.30;17 Sep 2006; 2;0 ;2006
Vasco;Goias;bet-at-home;1.55;3.50;5.20;16 Sep 2006; 0;0 ;2006
Vasco;Goias;bet365;1.62;3.40;5.00;16 Sep 2006; 0;0 ;2006
Vasco;Goias;bwin;1.50;3.55;6.10;16 Sep 2006; 0;0 ;2006
Vasco;Goias;William Hill;6.10;6.10;6.10;16 Sep 2006; 0;0 ;2006
Corinthians;Parana;bet-at-home;1.65;3.40;4.50;16 Sep 2006; 1;0 ;2006
Corinthians;Parana;bwin;1.65;3.40;4.75;16 Sep 2006; 1;0 ;2006
Corinthians;Parana;William Hill;1.65;3.40;4.50;16 Sep 2006; 1;0 ;2006
Athletico-PR;Santa Cruz;bet-at-home;1.35;4.00;7.50;16 Sep 2006; 2;1 ;2006
Athletico-PR;Santa Cruz;bet365;1.36;4.20;7.00;16 Sep 2006; 2;1 ;2006
Athletico-PR;Santa Cruz;bwin;1.35;4.09;7.50;16 Sep 2006; 2;1 ;2006
Athletico-PR;Santa Cruz;William Hill;1.35;3.80;8.00;16 Sep 2006; 2;1 ;2006
Botafogo RJ;Flamengo RJ;bet-at-home;2.15;3.15;2.95;10 Sep 2006; 0;2 ;2006
Botafogo RJ;Flamengo RJ;bwin;2.25;3.20;2.80;10 Sep 2006; 0;2 ;2006
Botafogo RJ;Flamengo RJ;William Hill;1.95;3.20;3.30;10 Sep 2006; 0;2 ;2006
Fortaleza;Santos;bet-at-home;2.75;3.20;2.25;10 Sep 2006; 1;1 ;2006
Fortaleza;Santos;bwin;2.75;3.20;2.29;10 Sep 2006; 1;1 ;2006
Internacional;Athletico-PR;bet-at-home;1.50;3.70;5.40;10 Sep 2006; 2;0 ;2006
Internacional;Athletico-PR;bwin;5.40;5.40;5.40;10 Sep 2006; 2;0 ;2006
Internacional;Athletico-PR;William Hill;5.40;5.40;5.40;10 Sep 2006; 2;0 ;2006
Juventude;Cruzeiro;bet-at-home;1.70;3.40;4.20;10 Sep 2006; 2;0 ;2006
Juventude;Cruzeiro;bwin;1.75;3.45;4.00;10 Sep 2006; 2;0 ;2006
Figueirense;Goias;bet-at-home;1.60;3.50;4.70;10 Sep 2006; 2;2 ;2006
Figueirense;Goias;bwin;4.70;4.70;4.70;10 Sep 2006; 2;2 ;2006
Figueirense;Goias;William Hill;4.70;4.70;4.70;10 Sep 2006; 2;2 ;2006
Parana;Fluminense;bet-at-home;1.70;3.40;4.20;10 Sep 2006; 1;0 ;2006
Parana;Fluminense;bwin;1.70;1.70;4.30;10 Sep 2006; 1;0 ;2006
Sao Paulo;Corinthians;bet-at-home;2.04;3.20;3.10;10 Sep 2006; 0;0 ;2006
Sao Paulo;Corinthians;bet365;1.50;3.00;1.50;10 Sep 2006; 0;0 ;2006
Sao Paulo;Corinthians;bwin;2.15;2.15;3.00;10 Sep 2006; 0;0 ;2006
Sao Paulo;Corinthians;William Hill;3.00;3.00;3.00;10 Sep 2006; 0;0 ;2006
Palmeiras;Sao Caetano;bet-at-home;1.60;3.50;4.70;09 Sep 2006; 3;1 ;2006
Palmeiras;Sao Caetano;bet365;1.50;3.00;1.50;09 Sep 2006; 3;1 ;2006
Palmeiras;Sao Caetano;bwin;1.50;1.50;1.50;09 Sep 2006; 3;1 ;2006
Palmeiras;Sao Caetano;William Hill;1.50;1.50;1.50;09 Sep 2006; 3;1 ;2006
Vasco;Gremio;bet-at-home;2.04;3.20;3.10;09 Sep 2006; 1;1 ;2006
Vasco;Gremio;bwin;2.04;3.20;3.20;09 Sep 2006; 1;1 ;2006
Vasco;Gremio;William Hill;2.10;3.20;3.00;09 Sep 2006; 1;1 ;2006
Ponte Preta;Santa Cruz;bet-at-home;1.55;3.50;5.20;09 Sep 2006; 2;0 ;2006
Ponte Preta;Santa Cruz;bet365;1.57;3.50;5.00;09 Sep 2006; 2;0 ;2006
Ponte Preta;Santa Cruz;bwin;1.55;3.50;5.50;09 Sep 2006; 2;0 ;2006
Corinthians;Ponte Preta;bet-at-home;1.45;3.80;5.85;03 Sep 2006; 1;0 ;2006
Corinthians;Ponte Preta;bet365;1.40;3.80;7.00;03 Sep 2006; 1;0 ;2006
Corinthians;Ponte Preta;bwin;1.50;3.60;6.00;03 Sep 2006; 1;0 ;2006
Corinthians;Ponte Preta;William Hill;1.45;3.75;6.00;03 Sep 2006; 1;0 ;2006
Fluminense;Vasco;bet-at-home;2.45;3.15;2.45;03 Sep 2006; 1;1 ;2006
Fluminense;Vasco;bwin;2.40;3.20;2.60;03 Sep 2006; 1;1 ;2006
Santa Cruz;Sao Paulo;bet-at-home;2.80;3.20;2.20;03 Sep 2006; 1;3 ;2006
Santa Cruz;Sao Paulo;bet365;2.80;3.25;2.20;03 Sep 2006; 1;3 ;2006
Santa Cruz;Sao Paulo;bwin;2.90;3.25;2.15;03 Sep 2006; 1;3 ;2006
Santa Cruz;Sao Paulo;William Hill;3.20;3.20;2.00;03 Sep 2006; 1;3 ;2006
Athletico-PR;Botafogo RJ;bet-at-home;1.75;3.30;4.00;03 Sep 2006; 0;5 ;2006
Athletico-PR;Botafogo RJ;bet365;1.60;3.50;4.75;03 Sep 2006; 0;5 ;2006
Athletico-PR;Botafogo RJ;bwin;1.70;3.45;4.30;03 Sep 2006; 0;5 ;2006
Athletico-PR;Botafogo RJ;William Hill;1.75;3.40;3.80;03 Sep 2006; 0;5 ;2006
Goias;Juventude;bet-at-home;1.75;3.30;4.00;03 Sep 2006; 2;0 ;2006
Goias;Juventude;bet365;1.70;3.25;4.33;03 Sep 2006; 2;0 ;2006
Goias;Juventude;bwin;1.70;3.50;4.25;03 Sep 2006; 2;0 ;2006
Goias;Juventude;William Hill;1.80;3.30;3.75;03 Sep 2006; 2;0 ;2006
Gremio;Parana;bet-at-home;1.70;3.30;4.30;03 Sep 2006; 2;1 ;2006
Gremio;Parana;bwin;1.70;3.45;4.30;03 Sep 2006; 2;1 ;2006
Gremio;Parana;William Hill;1.70;3.40;4.09;03 Sep 2006; 2;1 ;2006
Santos;Palmeiras;bet-at-home;1.90;3.25;3.45;03 Sep 2006; 5;1 ;2006
Santos;Palmeiras;bwin;1.70;3.45;4.25;03 Sep 2006; 5;1 ;2006
Sao Caetano;Fortaleza;bet-at-home;1.55;3.40;5.40;03 Sep 2006; 0;0 ;2006
Sao Caetano;Fortaleza;bwin;1.60;3.50;5.00;03 Sep 2006; 0;0 ;2006
Sao Caetano;Fortaleza;William Hill;1.60;3.40;4.75;03 Sep 2006; 0;0 ;2006
Flamengo RJ;Internacional;bet-at-home;2.29;3.15;2.70;02 Sep 2006; 1;2 ;2006
Flamengo RJ;Internacional;bwin;2.70;2.70;2.70;02 Sep 2006; 1;2 ;2006
Flamengo RJ;Internacional;William Hill;2.70;2.70;2.70;02 Sep 2006; 1;2 ;2006
Cruzeiro;Figueirense;bet-at-home;1.70;3.35;4.20;02 Sep 2006; 2;2 ;2006
Cruzeiro;Figueirense;bet365;1.70;3.25;4.33;02 Sep 2006; 2;2 ;2006
Cruzeiro;Figueirense;bwin;1.75;3.45;4.00;02 Sep 2006; 2;2 ;2006
Cruzeiro;Figueirense;William Hill;1.70;3.30;4.25;02 Sep 2006; 2;2 ;2006
Botafogo RJ;Parana;bet-at-home;2.25;3.10;2.80;31 Aug 2006; 4;0 ;2006
Botafogo RJ;Parana;bet365;2.80;2.80;2.80;31 Aug 2006; 4;0 ;2006
Botafogo RJ;Parana;bwin;2.80;2.80;2.80;31 Aug 2006; 4;0 ;2006
Botafogo RJ;Parana;William Hill;2.80;2.80;2.80;31 Aug 2006; 4;0 ;2006
Sao Paulo;Fortaleza;bet-at-home;1.25;4.50;10.00;31 Aug 2006; 1;1 ;2006
Sao Paulo;Fortaleza;bet365;1.20;5.50;10.00;31 Aug 2006; 1;1 ;2006
Sao Paulo;Fortaleza;bwin;10.00;10.00;10.00;31 Aug 2006; 1;1 ;2006
Sao Paulo;Fortaleza;William Hill;10.00;10.00;10.00;31 Aug 2006; 1;1 ;2006
Vasco;Ponte Preta;bet-at-home;1.60;3.40;4.84;31 Aug 2006; 2;2 ;2006
Vasco;Ponte Preta;bet365;4.84;4.84;4.84;31 Aug 2006; 2;2 ;2006
Vasco;Ponte Preta;bwin;4.84;4.84;4.84;31 Aug 2006; 2;2 ;2006
Vasco;Ponte Preta;William Hill;4.84;4.84;4.84;31 Aug 2006; 2;2 ;2006
Athletico-PR;Santos;bet-at-home;2.25;2.25;2.75;30 Aug 2006; 2;1 ;2006
Athletico-PR;Santos;bet365;2.20;3.25;2.75;30 Aug 2006; 2;1 ;2006
Athletico-PR;Santos;bwin;2.75;2.75;2.75;30 Aug 2006; 2;1 ;2006
Athletico-PR;Santos;William Hill;2.75;2.75;2.75;30 Aug 2006; 2;1 ;2006
Juventude;Flamengo RJ;bet-at-home;1.80;1.80;3.75;30 Aug 2006; 1;0 ;2006
Juventude;Flamengo RJ;bet365;3.75;3.75;3.75;30 Aug 2006; 1;0 ;2006
Juventude;Flamengo RJ;bwin;3.75;3.75;3.75;30 Aug 2006; 1;0 ;2006
Juventude;Flamengo RJ;William Hill;3.75;3.75;3.75;30 Aug 2006; 1;0 ;2006
Goias;Fluminense;bet-at-home;2.00;3.20;3.20;30 Aug 2006; 3;1 ;2006
Goias;Fluminense;bwin;3.20;3.20;3.20;30 Aug 2006; 3;1 ;2006
Goias;Fluminense;William Hill;3.20;3.20;3.20;30 Aug 2006; 3;1 ;2006
Gremio;Cruzeiro;bet-at-home;2.10;2.10;3.05;30 Aug 2006; 2;1 ;2006
Gremio;Cruzeiro;bet365;3.05;3.05;3.05;30 Aug 2006; 2;1 ;2006
Gremio;Cruzeiro;bwin;3.05;3.05;3.05;30 Aug 2006; 2;1 ;2006
Gremio;Cruzeiro;William Hill;3.05;3.05;3.05;30 Aug 2006; 2;1 ;2006
Palmeiras;Figueirense;bet-at-home;1.65;3.35;4.59;30 Aug 2006; 1;1 ;2006
Palmeiras;Figueirense;bwin;1.60;3.50;4.90;30 Aug 2006; 1;1 ;2006
Palmeiras;Figueirense;William Hill;1.70;3.40;4.20;30 Aug 2006; 1;1 ;2006
Santa Cruz;Internacional;bet-at-home;2.75;3.15;2.25;30 Aug 2006; 0;2 ;2006
Santa Cruz;Internacional;bwin;2.25;2.25;2.25;30 Aug 2006; 0;2 ;2006
Santa Cruz;Internacional;William Hill;2.25;2.25;2.25;30 Aug 2006; 0;2 ;2006
Sao Caetano;Corinthians;bet-at-home;2.25;3.10;2.80;30 Aug 2006; 0;1 ;2006
Sao Caetano;Corinthians;bwin;2.80;2.80;2.80;30 Aug 2006; 0;1 ;2006
Sao Caetano;Corinthians;William Hill;2.80;2.80;2.80;30 Aug 2006; 0;1 ;2006
Figueirense;Santa Cruz;bet-at-home;1.40;3.85;6.80;27 Aug 2006; 2;0 ;2006
Figueirense;Santa Cruz;bet365;6.80;3.50;7.00;27 Aug 2006; 2;0 ;2006
Figueirense;Santa Cruz;bwin;7.00;7.00;7.00;27 Aug 2006; 2;0 ;2006
Figueirense;Santa Cruz;William Hill;7.00;7.00;7.00;27 Aug 2006; 2;0 ;2006
Fortaleza;Botafogo RJ;bet-at-home;1.80;3.30;3.80;27 Aug 2006; 2;3 ;2006
Fortaleza;Botafogo RJ;bwin;1.90;3.20;3.65;27 Aug 2006; 2;3 ;2006
Fortaleza;Botafogo RJ;William Hill;1.90;3.25;3.40;27 Aug 2006; 2;3 ;2006
Ponte Preta;Palmeiras;bet-at-home;2.45;2.45;2.54;27 Aug 2006; 1;1 ;2006
Ponte Preta;Palmeiras;bwin;2.54;2.54;2.54;27 Aug 2006; 1;1 ;2006
Corinthians;Gremio;bet-at-home;1.70;3.30;4.30;27 Aug 2006; 0;2 ;2006
Corinthians;Gremio;bwin;1.85;3.30;3.70;27 Aug 2006; 0;2 ;2006
Corinthians;Gremio;William Hill;1.75;3.30;4.00;27 Aug 2006; 0;2 ;2006
Flamengo RJ;Sao Paulo;bet-at-home;2.35;3.30;2.54;27 Aug 2006; 1;1 ;2006
Flamengo RJ;Sao Paulo;bet365;2.50;3.10;2.50;27 Aug 2006; 1;1 ;2006
Flamengo RJ;Sao Paulo;bwin;2.40;3.15;2.65;27 Aug 2006; 1;1 ;2006
Flamengo RJ;Sao Paulo;William Hill;2.40;3.25;2.50;27 Aug 2006; 1;1 ;2006
Internacional;Vasco;bet-at-home;1.55;3.55;5.15;27 Aug 2006; 1;2 ;2006
Internacional;Vasco;bet365;1.53;3.50;5.50;27 Aug 2006; 1;2 ;2006
Internacional;Vasco;bwin;1.50;3.75;5.75;27 Aug 2006; 1;2 ;2006
Internacional;Vasco;William Hill;5.75;5.75;5.75;27 Aug 2006; 1;2 ;2006
Parana;Juventude;bet-at-home;1.45;3.80;5.90;27 Aug 2006; 0;1 ;2006
Parana;Juventude;bwin;5.90;5.90;5.90;27 Aug 2006; 0;1 ;2006
Parana;Juventude;William Hill;5.90;5.90;5.90;27 Aug 2006; 0;1 ;2006
Cruzeiro;Sao Caetano;bet-at-home;1.70;3.30;4.30;26 Aug 2006; 3;0 ;2006
Cruzeiro;Sao Caetano;bwin;1.80;3.45;3.75;26 Aug 2006; 3;0 ;2006
Cruzeiro;Sao Caetano;William Hill;1.85;3.30;3.60;26 Aug 2006; 3;0 ;2006
Santos;Goias;bet-at-home;1.40;3.85;6.80;26 Aug 2006; 2;1 ;2006
Santos;Goias;bwin;1.40;4.00;7.00;26 Aug 2006; 2;1 ;2006
Santos;Goias;William Hill;1.45;3.75;6.00;26 Aug 2006; 2;1 ;2006
Fluminense;Athletico-PR;bet-at-home;1.65;3.30;4.70;26 Aug 2006; 1;2 ;2006
Fluminense;Athletico-PR;bwin;1.70;3.45;4.25;26 Aug 2006; 1;2 ;2006
Fluminense;Athletico-PR;William Hill;1.70;3.30;4.20;26 Aug 2006; 1;2 ;2006
Gremio;Fortaleza;bet-at-home;1.65;3.40;4.50;24 Aug 2006; 4;1 ;2006
Gremio;Fortaleza;bwin;1.60;3.40;5.09;24 Aug 2006; 4;1 ;2006
Gremio;Fortaleza;William Hill;1.85;3.10;3.80;24 Aug 2006; 4;1 ;2006
Sao Paulo;Parana;bet-at-home;1.60;3.40;4.90;24 Aug 2006; 3;2 ;2006
Sao Paulo;Parana;bwin;1.60;3.50;4.90;24 Aug 2006; 3;2 ;2006
Sao Paulo;Parana;William Hill;1.60;3.50;4.75;24 Aug 2006; 3;2 ;2006
Vasco;Figueirense;bet-at-home;1.80;3.30;3.80;24 Aug 2006; 3;1 ;2006
Vasco;Figueirense;bet365;1.83;3.25;3.75;24 Aug 2006; 3;1 ;2006
Vasco;Figueirense;bwin;1.85;3.25;3.75;24 Aug 2006; 3;1 ;2006
Vasco;Figueirense;William Hill;1.90;3.30;3.40;24 Aug 2006; 3;1 ;2006
Athletico-PR;Ponte Preta;bet-at-home;1.65;3.40;4.50;23 Aug 2006; 3;0 ;2006
Athletico-PR;Ponte Preta;bet365;1.73;3.40;4.20;23 Aug 2006; 3;0 ;2006
Athletico-PR;Ponte Preta;bwin;1.70;3.40;4.34;23 Aug 2006; 3;0 ;2006
Athletico-PR;Ponte Preta;William Hill;1.70;3.40;4.20;23 Aug 2006; 3;0 ;2006
Botafogo RJ;Cruzeiro;bet-at-home;2.35;2.35;2.60;23 Aug 2006; 1;0 ;2006
Botafogo RJ;Cruzeiro;bwin;2.60;2.60;2.60;23 Aug 2006; 1;0 ;2006
Botafogo RJ;Cruzeiro;William Hill;2.29;2.29;2.65;23 Aug 2006; 1;0 ;2006
Juventude;Corinthians;bet-at-home;2.00;3.20;3.20;23 Aug 2006; 0;0 ;2006
Juventude;Corinthians;bet365;2.10;3.25;3.00;23 Aug 2006; 0;0 ;2006
Juventude;Corinthians;bwin;2.04;3.15;3.25;23 Aug 2006; 0;0 ;2006
Juventude;Corinthians;William Hill;2.15;2.15;2.80;23 Aug 2006; 0;0 ;2006
Santa Cruz;Santos;bet-at-home;2.50;3.25;2.40;23 Aug 2006; 1;1 ;2006
Santa Cruz;Santos;bet365;2.63;3.20;2.38;23 Aug 2006; 1;1 ;2006
Santa Cruz;Santos;bwin;2.54;3.10;2.50;23 Aug 2006; 1;1 ;2006
Santa Cruz;Santos;William Hill;2.45;3.20;2.50;23 Aug 2006; 1;1 ;2006
Sao Caetano;Flamengo RJ;bet-at-home;1.65;1.65;4.59;23 Aug 2006; 2;2 ;2006
Sao Caetano;Flamengo RJ;bwin;4.59;4.59;4.59;23 Aug 2006; 2;2 ;2006
Sao Caetano;Flamengo RJ;William Hill;4.59;4.59;4.59;23 Aug 2006; 2;2 ;2006
Goias;Internacional;bet-at-home;2.35;2.35;2.60;23 Aug 2006; 2;2 ;2006
Goias;Internacional;bet365;2.38;2.38;2.63;23 Aug 2006; 2;2 ;2006
Goias;Internacional;bwin;2.63;2.63;2.63;23 Aug 2006; 2;2 ;2006
Palmeiras;Fluminense;bet-at-home;1.85;3.25;3.65;23 Aug 2006; 3;0 ;2006
Palmeiras;Fluminense;bet365;1.91;1.91;3.50;23 Aug 2006; 3;0 ;2006
Palmeiras;Fluminense;bwin;3.50;3.50;3.50;23 Aug 2006; 3;0 ;2006
Palmeiras;Fluminense;William Hill;3.50;3.50;3.50;23 Aug 2006; 3;0 ;2006
Corinthians;Botafogo RJ;bet-at-home;1.50;3.45;6.00;20 Aug 2006; 1;0 ;2006
Corinthians;Botafogo RJ;bet365;1.57;3.60;5.00;20 Aug 2006; 1;0 ;2006
Corinthians;Botafogo RJ;bwin;1.40;3.90;7.00;20 Aug 2006; 1;0 ;2006
Corinthians;Botafogo RJ;William Hill;7.00;7.00;7.00;20 Aug 2006; 1;0 ;2006
Figueirense;Athletico-PR;bet-at-home;1.60;3.45;4.80;20 Aug 2006; 3;3 ;2006
Figueirense;Athletico-PR;bet365;1.62;3.40;5.00;20 Aug 2006; 3;3 ;2006
Figueirense;Athletico-PR;bwin;1.55;3.50;5.50;20 Aug 2006; 3;3 ;2006
Figueirense;Athletico-PR;William Hill;1.70;3.40;4.09;20 Aug 2006; 3;3 ;2006
Internacional;Palmeiras;bet-at-home;1.60;3.45;4.80;20 Aug 2006; 1;1 ;2006
Internacional;Palmeiras;bet365;1.67;3.40;4.50;20 Aug 2006; 1;1 ;2006
Internacional;Palmeiras;bwin;1.60;3.50;5.00;20 Aug 2006; 1;1 ;2006
Parana;Sao Caetano;bet-at-home;1.65;3.45;4.40;20 Aug 2006; 1;0 ;2006
Parana;Sao Caetano;bet365;1.67;3.40;4.50;20 Aug 2006; 1;0 ;2006
Parana;Sao Caetano;bwin;1.65;3.50;4.50;20 Aug 2006; 1;0 ;2006
Parana;Sao Caetano;William Hill;1.70;3.40;4.09;20 Aug 2006; 1;0 ;2006
Cruzeiro;Sao Paulo;bet-at-home;2.35;3.20;2.60;20 Aug 2006; 2;2 ;2006
Cruzeiro;Sao Paulo;bet365;2.38;3.20;2.63;20 Aug 2006; 2;2 ;2006
Cruzeiro;Sao Paulo;bwin;2.29;3.20;2.75;20 Aug 2006; 2;2 ;2006
Cruzeiro;Sao Paulo;William Hill;2.40;3.10;2.60;20 Aug 2006; 2;2 ;2006
Fluminense;Santa Cruz;bet-at-home;1.25;4.70;8.25;20 Aug 2006; 1;1 ;2006
Fluminense;Santa Cruz;bet365;8.25;8.25;8.25;20 Aug 2006; 1;1 ;2006
Fluminense;Santa Cruz;bwin;1.30;4.50;8.25;20 Aug 2006; 1;1 ;2006
Fluminense;Santa Cruz;William Hill;8.25;8.25;8.25;20 Aug 2006; 1;1 ;2006
Fortaleza;Juventude;bet-at-home;2.10;3.25;2.95;20 Aug 2006; 4;1 ;2006
Fortaleza;Juventude;bet365;2.10;3.10;3.10;20 Aug 2006; 4;1 ;2006
Fortaleza;Juventude;bwin;2.04;3.20;3.20;20 Aug 2006; 4;1 ;2006
Fortaleza;Juventude;William Hill;2.15;3.15;2.90;20 Aug 2006; 4;1 ;2006
Santos;Vasco;bet-at-home;1.40;3.85;6.75;20 Aug 2006; 0;2 ;2006
Santos;Vasco;bet365;1.50;3.75;5.50;20 Aug 2006; 0;2 ;2006
Santos;Vasco;bwin;1.40;3.90;7.00;20 Aug 2006; 0;2 ;2006
Santos;Vasco;William Hill;1.50;3.50;5.75;20 Aug 2006; 0;2 ;2006
Flamengo RJ;Gremio;bet-at-home;2.10;3.20;3.00;19 Aug 2006; 1;0 ;2006
Flamengo RJ;Gremio;bet365;2.10;3.25;3.00;19 Aug 2006; 1;0 ;2006
Flamengo RJ;Gremio;bwin;2.15;3.20;3.00;19 Aug 2006; 1;0 ;2006
Flamengo RJ;Gremio;William Hill;2.04;3.15;3.10;19 Aug 2006; 1;0 ;2006
Ponte Preta;Goias;bet-at-home;1.80;3.35;3.70;19 Aug 2006; 3;2 ;2006
Ponte Preta;Goias;bet365;1.83;3.25;3.75;19 Aug 2006; 3;2 ;2006
Ponte Preta;Goias;bwin;1.80;3.40;3.80;19 Aug 2006; 3;2 ;2006
Ponte Preta;Goias;William Hill;3.80;3.80;3.80;19 Aug 2006; 3;2 ;2006
Palmeiras;Juventude;bet-at-home;1.60;3.40;4.90;17 Aug 2006; 1;1 ;2006
Palmeiras;Juventude;bet365;1.62;1.62;1.62;17 Aug 2006; 1;1 ;2006
Palmeiras;Juventude;bwin;1.60;3.50;5.00;17 Aug 2006; 1;1 ;2006
Palmeiras;Juventude;William Hill;5.00;5.00;5.00;17 Aug 2006; 1;1 ;2006
Santos;Cruzeiro;bet-at-home;1.65;1.65;4.59;17 Aug 2006; 2;0 ;2006
Santos;Cruzeiro;bet365;1.67;1.67;1.67;17 Aug 2006; 2;0 ;2006
Santos;Cruzeiro;bwin;1.70;3.40;4.30;17 Aug 2006; 2;0 ;2006
Santos;Cruzeiro;William Hill;4.30;4.30;4.30;17 Aug 2006; 2;0 ;2006
Figueirense;Flamengo RJ;bet-at-home;1.55;3.50;5.20;16 Aug 2006; 1;1 ;2006
Figueirense;Flamengo RJ;bet365;5.20;5.20;5.20;16 Aug 2006; 1;1 ;2006
Figueirense;Flamengo RJ;bwin;5.20;5.20;5.20;16 Aug 2006; 1;1 ;2006
Figueirense;Flamengo RJ;William Hill;5.20;5.20;5.20;16 Aug 2006; 1;1 ;2006
Fluminense;Corinthians;bet-at-home;1.70;3.30;4.30;16 Aug 2006; 1;2 ;2006
Fluminense;Corinthians;bwin;4.30;4.30;4.30;16 Aug 2006; 1;2 ;2006
Fluminense;Corinthians;William Hill;4.30;4.30;4.30;16 Aug 2006; 1;2 ;2006
Goias;Botafogo RJ;bet-at-home;1.75;3.20;4.20;16 Aug 2006; 2;2 ;2006
Goias;Botafogo RJ;bwin;1.80;3.40;3.80;16 Aug 2006; 2;2 ;2006
Goias;Botafogo RJ;William Hill;3.80;3.80;3.80;16 Aug 2006; 2;2 ;2006
Ponte Preta;Fortaleza;bet-at-home;1.55;3.40;5.50;16 Aug 2006; 1;3 ;2006
Ponte Preta;Fortaleza;bet365;1.57;3.30;5.50;16 Aug 2006; 1;3 ;2006
Ponte Preta;Fortaleza;bwin;1.50;3.60;6.00;16 Aug 2006; 1;3 ;2006
Ponte Preta;Fortaleza;William Hill;1.65;3.40;4.50;16 Aug 2006; 1;3 ;2006
Santa Cruz;Gremio;bet-at-home;2.04;2.04;3.15;16 Aug 2006; 2;4 ;2006
Santa Cruz;Gremio;bet365;3.15;3.15;3.15;16 Aug 2006; 2;4 ;2006
Santa Cruz;Gremio;bwin;3.15;3.15;3.15;16 Aug 2006; 2;4 ;2006
Santa Cruz;Gremio;William Hill;3.15;3.15;3.15;16 Aug 2006; 2;4 ;2006
Vasco;Sao Caetano;bet-at-home;1.70;1.70;4.30;16 Aug 2006; 1;2 ;2006
Vasco;Sao Caetano;bwin;4.30;4.30;4.30;16 Aug 2006; 1;2 ;2006
Vasco;Sao Caetano;William Hill;4.30;4.30;4.30;16 Aug 2006; 1;2 ;2006
Fortaleza;Internacional;bet-at-home;2.10;3.15;3.05;13 Aug 2006; 1;2 ;2006
Fortaleza;Internacional;bet365;2.04;3.30;3.00;13 Aug 2006; 1;2 ;2006
Fortaleza;Internacional;William Hill;2.10;3.20;3.00;13 Aug 2006; 1;2 ;2006
Parana;Santos;bet-at-home;2.00;3.25;3.20;13 Aug 2006; 1;1 ;2006
Parana;Santos;bet365;1.95;1.95;3.25;13 Aug 2006; 1;1 ;2006
Parana;Santos;bwin;3.25;3.25;3.25;13 Aug 2006; 1;1 ;2006
Parana;Santos;William Hill;3.25;3.25;3.25;13 Aug 2006; 1;1 ;2006
Sao Paulo;Goias;bet-at-home;1.75;3.40;3.90;13 Aug 2006; 2;1 ;2006
Sao Paulo;Goias;bwin;1.85;3.35;3.65;13 Aug 2006; 2;1 ;2006
Botafogo RJ;Palmeiras;bet-at-home;2.29;3.25;2.65;13 Aug 2006; 1;3 ;2006
Botafogo RJ;Palmeiras;bwin;2.25;3.25;2.75;13 Aug 2006; 1;3 ;2006
Botafogo RJ;Palmeiras;William Hill;2.75;2.75;2.75;13 Aug 2006; 1;3 ;2006
Cruzeiro;Fluminense;bet-at-home;1.80;3.30;3.80;13 Aug 2006; 2;3 ;2006
Cruzeiro;Fluminense;bet365;1.75;3.25;4.00;13 Aug 2006; 2;3 ;2006
Cruzeiro;Fluminense;bwin;1.80;3.40;3.70;13 Aug 2006; 2;3 ;2006
Cruzeiro;Fluminense;William Hill;3.70;3.70;3.70;13 Aug 2006; 2;3 ;2006
Gremio;Athletico-PR;bet-at-home;2.20;3.25;2.80;13 Aug 2006; 2;0 ;2006
Gremio;Athletico-PR;bet365;2.20;3.25;2.75;13 Aug 2006; 2;0 ;2006
Gremio;Athletico-PR;bwin;2.20;3.30;2.85;13 Aug 2006; 2;0 ;2006
Gremio;Athletico-PR;William Hill;2.35;3.20;2.60;13 Aug 2006; 2;0 ;2006
Corinthians;Figueirense;bet-at-home;1.75;3.30;4.05;12 Aug 2006; 1;3 ;2006
Corinthians;Figueirense;bet365;1.75;3.25;4.00;12 Aug 2006; 1;3 ;2006
Corinthians;Figueirense;bwin;1.75;3.45;4.00;12 Aug 2006; 1;3 ;2006
Corinthians;Figueirense;William Hill;1.75;3.35;3.95;12 Aug 2006; 1;3 ;2006
Flamengo RJ;Ponte Preta;bet-at-home;1.55;3.50;5.20;12 Aug 2006; 0;0 ;2006
Flamengo RJ;Ponte Preta;bet365;1.50;4.50;5.50;12 Aug 2006; 0;0 ;2006
Flamengo RJ;Ponte Preta;bwin;1.50;3.65;5.75;12 Aug 2006; 0;0 ;2006
Flamengo RJ;Ponte Preta;William Hill;5.75;5.75;5.75;12 Aug 2006; 0;0 ;2006
Juventude;Vasco;bet-at-home;1.80;3.30;3.80;12 Aug 2006; 0;0 ;2006
Juventude;Vasco;bet365;1.75;3.25;4.00;12 Aug 2006; 0;0 ;2006
Juventude;Vasco;bwin;1.80;3.40;3.80;12 Aug 2006; 0;0 ;2006
Juventude;Vasco;William Hill;3.80;3.80;3.80;12 Aug 2006; 0;0 ;2006
Sao Caetano;Santa Cruz;bet-at-home;1.55;3.60;5.00;12 Aug 2006; 2;0 ;2006
Sao Caetano;Santa Cruz;bet365;1.50;3.60;5.50;12 Aug 2006; 2;0 ;2006
Sao Caetano;Santa Cruz;bwin;1.55;3.60;5.25;12 Aug 2006; 2;0 ;2006
Sao Caetano;Santa Cruz;William Hill;1.60;3.50;4.75;12 Aug 2006; 2;0 ;2006
Cruzeiro;Santa Cruz;bet-at-home;1.30;1.30;8.60;06 Aug 2006; 3;3 ;2006
Cruzeiro;Santa Cruz;bet365;8.60;8.60;8.60;06 Aug 2006; 3;3 ;2006
Cruzeiro;Santa Cruz;bwin;8.60;8.60;8.60;06 Aug 2006; 3;3 ;2006
Cruzeiro;Santa Cruz;William Hill;8.60;8.60;8.60;06 Aug 2006; 3;3 ;2006
Fortaleza;Palmeiras;bet-at-home;2.35;2.35;2.70;06 Aug 2006; 0;0 ;2006
Fortaleza;Palmeiras;bet365;2.70;2.70;2.70;06 Aug 2006; 0;0 ;2006
Fortaleza;Palmeiras;bwin;2.70;2.70;2.70;06 Aug 2006; 0;0 ;2006
Fortaleza;Palmeiras;William Hill;2.70;2.70;2.70;06 Aug 2006; 0;0 ;2006
Ponte Preta;Fluminense;bet-at-home;2.50;3.10;2.50;06 Aug 2006; 3;0 ;2006
Ponte Preta;Fluminense;bet365;2.50;3.20;2.50;06 Aug 2006; 3;0 ;2006
Ponte Preta;Fluminense;bwin;2.45;3.20;2.54;06 Aug 2006; 3;0 ;2006
Ponte Preta;Fluminense;William Hill;2.40;3.10;2.60;06 Aug 2006; 3;0 ;2006
Botafogo RJ;Sao Paulo;bet-at-home;2.90;2.90;2.20;06 Aug 2006; 1;1 ;2006
Botafogo RJ;Sao Paulo;bet365;2.88;3.00;2.25;06 Aug 2006; 1;1 ;2006
Parana;Vasco;bet-at-home;1.55;3.60;5.00;06 Aug 2006; 2;1 ;2006
Parana;Vasco;bet365;1.57;3.60;5.00;06 Aug 2006; 2;1 ;2006
Parana;Vasco;bwin;1.55;3.60;4.90;06 Aug 2006; 2;1 ;2006
Parana;Vasco;William Hill;1.70;3.40;4.09;06 Aug 2006; 2;1 ;2006
Santos;Internacional;bet-at-home;1.60;3.40;4.95;06 Aug 2006; 2;1 ;2006
Corinthians;Athletico-PR;bet-at-home;1.75;3.30;4.05;05 Aug 2006; 2;1 ;2006
Corinthians;Athletico-PR;bwin;1.75;3.40;4.09;05 Aug 2006; 2;1 ;2006
Corinthians;Athletico-PR;William Hill;1.80;3.30;3.75;05 Aug 2006; 2;1 ;2006
Flamengo RJ;Goias;bet-at-home;1.75;1.75;4.05;05 Aug 2006; 1;0 ;2006
Flamengo RJ;Goias;bwin;4.05;4.05;4.05;05 Aug 2006; 1;0 ;2006
Flamengo RJ;Goias;William Hill;4.05;4.05;4.05;05 Aug 2006; 1;0 ;2006
Figueirense;Sao Caetano;bet-at-home;1.70;3.35;4.30;05 Aug 2006; 1;1 ;2006
Figueirense;Sao Caetano;bet365;1.60;3.50;4.75;05 Aug 2006; 1;1 ;2006
Figueirense;Sao Caetano;bwin;1.70;3.40;4.34;05 Aug 2006; 1;1 ;2006
Figueirense;Sao Caetano;William Hill;1.75;3.30;4.00;05 Aug 2006; 1;1 ;2006
Gremio;Juventude;bet-at-home;1.70;1.70;4.34;05 Aug 2006; 1;0 ;2006
Gremio;Juventude;bwin;4.34;4.34;4.34;05 Aug 2006; 1;0 ;2006
Gremio;Juventude;William Hill;4.34;4.34;4.34;05 Aug 2006; 1;0 ;2006
Fluminense;Botafogo RJ;bet-at-home;2.00;3.20;3.20;30 Jul 2006; 1;1 ;2006
Fluminense;Botafogo RJ;bwin;3.20;3.20;3.20;30 Jul 2006; 1;1 ;2006
Fluminense;Botafogo RJ;William Hill;3.20;3.20;3.20;30 Jul 2006; 1;1 ;2006
Goias;Fortaleza;bet-at-home;1.50;3.60;5.60;30 Jul 2006; 1;1 ;2006
Goias;Fortaleza;bet365;1.50;3.75;5.50;30 Jul 2006; 1;1 ;2006
Goias;Fortaleza;bwin;1.50;3.60;6.00;30 Jul 2006; 1;1 ;2006
Goias;Fortaleza;William Hill;1.50;3.60;5.50;30 Jul 2006; 1;1 ;2006
Athletico-PR;Flamengo RJ;bet-at-home;1.65;3.50;4.30;30 Jul 2006; 1;0 ;2006
Athletico-PR;Flamengo RJ;bwin;4.30;4.30;4.30;30 Jul 2006; 1;0 ;2006
Athletico-PR;Flamengo RJ;William Hill;4.30;4.30;4.30;30 Jul 2006; 1;0 ;2006
Santa Cruz;Corinthians;bet-at-home;2.25;3.20;2.75;30 Jul 2006; 1;0 ;2006
Santa Cruz;Corinthians;bwin;2.75;2.75;2.75;30 Jul 2006; 1;0 ;2006
Santa Cruz;Corinthians;William Hill;2.75;2.75;2.75;30 Jul 2006; 1;0 ;2006
Sao Paulo;Santos;bet-at-home;2.04;3.20;3.10;30 Jul 2006; 0;4 ;2006
Vasco;Cruzeiro;bet-at-home;2.35;3.05;2.70;30 Jul 2006; 1;0 ;2006
Vasco;Cruzeiro;bet365;2.29;2.29;2.70;30 Jul 2006; 1;0 ;2006
Vasco;Cruzeiro;bwin;2.70;2.70;2.70;30 Jul 2006; 1;0 ;2006
Vasco;Cruzeiro;William Hill;2.70;2.70;2.70;30 Jul 2006; 1;0 ;2006
Palmeiras;Parana;bet-at-home;1.95;3.25;3.30;29 Jul 2006; 4;2 ;2006
Palmeiras;Parana;bet365;2.00;3.25;3.25;29 Jul 2006; 4;2 ;2006
Palmeiras;Parana;bwin;1.90;3.20;3.65;29 Jul 2006; 4;2 ;2006
Palmeiras;Parana;William Hill;2.10;3.30;2.90;29 Jul 2006; 4;2 ;2006
Sao Caetano;Ponte Preta;bet-at-home;1.40;3.90;6.50;29 Jul 2006; 1;1 ;2006
Sao Caetano;Ponte Preta;bwin;6.50;6.50;6.50;29 Jul 2006; 1;1 ;2006
Sao Caetano;Ponte Preta;William Hill;6.50;6.50;6.50;29 Jul 2006; 1;1 ;2006
Juventude;Figueirense;bet-at-home;1.95;3.25;3.30;29 Jul 2006; 1;0 ;2006
Juventude;Figueirense;bet365;2.00;3.25;3.25;29 Jul 2006; 1;0 ;2006
Juventude;Figueirense;bwin;2.00;3.20;3.35;29 Jul 2006; 1;0 ;2006
Juventude;Figueirense;William Hill;1.85;3.30;3.60;29 Jul 2006; 1;0 ;2006
Internacional;Botafogo RJ;bet-at-home;1.50;3.60;5.60;23 Jul 2006; 0;0 ;2006
Internacional;Botafogo RJ;bet365;1.50;3.75;5.50;23 Jul 2006; 0;0 ;2006
Internacional;Botafogo RJ;bwin;1.57;3.55;5.00;23 Jul 2006; 0;0 ;2006
Internacional;Botafogo RJ;William Hill;5.00;5.00;5.00;23 Jul 2006; 0;0 ;2006
Goias;Palmeiras;bet-at-home;1.60;3.40;5.00;23 Jul 2006; 1;3 ;2006
Goias;Palmeiras;bwin;1.80;3.40;3.80;23 Jul 2006; 1;3 ;2006
Goias;Palmeiras;William Hill;3.80;3.80;3.80;23 Jul 2006; 1;3 ;2006
Santos;Juventude;bet-at-home;1.60;3.40;4.90;23 Jul 2006; 3;2 ;2006
Santos;Juventude;bwin;1.60;3.65;4.70;23 Jul 2006; 3;2 ;2006
Santos;Juventude;William Hill;4.70;4.70;4.70;23 Jul 2006; 3;2 ;2006
Ponte Preta;Sao Paulo;bet-at-home;3.00;3.00;2.10;23 Jul 2006; 1;3 ;2006
Ponte Preta;Sao Paulo;bwin;3.00;3.20;3.20;23 Jul 2006; 1;3 ;2006
Ponte Preta;Sao Paulo;William Hill;3.20;3.20;3.20;23 Jul 2006; 1;3 ;2006
Santa Cruz;Flamengo RJ;bet-at-home;2.25;3.10;2.80;23 Jul 2006; 3;0 ;2006
Santa Cruz;Flamengo RJ;bwin;2.15;3.20;3.00;23 Jul 2006; 3;0 ;2006
Santa Cruz;Flamengo RJ;William Hill;3.00;3.00;3.00;23 Jul 2006; 3;0 ;2006
Vasco;Athletico-PR;bet-at-home;1.90;1.90;3.50;23 Jul 2006; 2;1 ;2006
Vasco;Athletico-PR;bwin;1.90;3.20;3.65;23 Jul 2006; 2;1 ;2006
Corinthians;Fortaleza;bet-at-home;1.60;3.40;4.90;22 Jul 2006; 2;2 ;2006
Corinthians;Fortaleza;bet365;1.62;3.40;5.00;22 Jul 2006; 2;2 ;2006
Corinthians;Fortaleza;bwin;5.00;5.00;5.00;22 Jul 2006; 2;2 ;2006
Corinthians;Fortaleza;William Hill;5.00;5.00;5.00;22 Jul 2006; 2;2 ;2006
Fluminense;Sao Caetano;bet-at-home;1.50;3.70;5.35;22 Jul 2006; 2;2 ;2006
Fluminense;Sao Caetano;bet365;5.35;5.35;5.35;22 Jul 2006; 2;2 ;2006
Fluminense;Sao Caetano;bwin;1.60;1.60;4.70;22 Jul 2006; 2;2 ;2006
Fluminense;Sao Caetano;William Hill;4.70;4.70;4.70;22 Jul 2006; 2;2 ;2006
Figueirense;Gremio;bet-at-home;1.75;3.25;4.00;22 Jul 2006; 2;0 ;2006
Figueirense;Gremio;bwin;1.80;3.35;3.85;22 Jul 2006; 2;0 ;2006
Figueirense;Gremio;William Hill;1.80;3.40;3.60;22 Jul 2006; 2;0 ;2006
Parana;Cruzeiro;bet-at-home;2.15;3.20;2.90;22 Jul 2006; 1;0 ;2006
Parana;Cruzeiro;bwin;2.29;3.25;2.70;22 Jul 2006; 1;0 ;2006
Parana;Cruzeiro;William Hill;2.70;2.70;2.70;22 Jul 2006; 1;0 ;2006
Juventude;Internacional;bet-at-home;2.75;3.20;2.25;16 Jul 2006; 2;0 ;2006
Juventude;Internacional;bet365;2.25;2.25;2.25;16 Jul 2006; 2;0 ;2006
Juventude;Internacional;bwin;2.95;3.15;2.20;16 Jul 2006; 2;0 ;2006
Flamengo RJ;Vasco;bet-at-home;1.85;1.85;3.45;16 Jul 2006; 0;1 ;2006
Flamengo RJ;Vasco;bet365;3.45;3.45;3.45;16 Jul 2006; 0;1 ;2006
Flamengo RJ;Vasco;bwin;1.80;3.35;3.85;16 Jul 2006; 0;1 ;2006
Fortaleza;Santa Cruz;bet-at-home;1.55;3.60;5.00;16 Jul 2006; 1;4 ;2006
Fortaleza;Santa Cruz;bet365;5.00;5.00;5.00;16 Jul 2006; 1;4 ;2006
Fortaleza;Santa Cruz;bwin;5.00;5.00;5.00;16 Jul 2006; 1;4 ;2006
Parana;Athletico-PR;bet-at-home;2.25;2.25;2.75;16 Jul 2006; 2;1 ;2006
Parana;Athletico-PR;bet365;2.75;2.75;2.75;16 Jul 2006; 2;1 ;2006
Parana;Athletico-PR;bwin;2.29;3.10;2.80;16 Jul 2006; 2;1 ;2006
Cruzeiro;Goias;bet-at-home;1.50;3.60;5.65;16 Jul 2006; 0;0 ;2006
Cruzeiro;Goias;bwin;5.65;5.65;5.65;16 Jul 2006; 0;0 ;2006
Gremio;Fluminense;bet-at-home;2.10;3.25;2.95;16 Jul 2006; 4;4 ;2006
Gremio;Fluminense;bet365;2.00;2.00;3.20;16 Jul 2006; 4;4 ;2006
Gremio;Fluminense;bwin;3.20;3.20;3.20;16 Jul 2006; 4;4 ;2006
Palmeiras;Corinthians;bet-at-home;2.54;3.20;2.40;16 Jul 2006; 1;0 ;2006
Sao Caetano;Santos;bet-at-home;2.40;2.40;2.54;16 Jul 2006; 2;0 ;2006
Sao Paulo;Figueirense;bet-at-home;1.45;3.80;5.95;15 Jul 2006; 2;1 ;2006
Sao Paulo;Figueirense;bet365;5.95;5.95;5.95;15 Jul 2006; 2;1 ;2006
Sao Paulo;Figueirense;bwin;5.95;5.95;5.95;15 Jul 2006; 2;1 ;2006
Sao Paulo;Figueirense;William Hill;5.95;5.95;5.95;15 Jul 2006; 2;1 ;2006
Botafogo RJ;Ponte Preta;bet-at-home;1.70;3.30;4.30;15 Jul 2006; 4;1 ;2006
Botafogo RJ;Ponte Preta;bwin;1.80;3.30;3.95;15 Jul 2006; 4;1 ;2006
Botafogo RJ;Ponte Preta;William Hill;1.70;3.40;4.20;15 Jul 2006; 4;1 ;2006
Palmeiras;Vasco;bet-at-home;1.85;3.20;3.70;13 Jul 2006; 4;2 ;2006
Palmeiras;Vasco;bwin;1.85;3.25;3.80;13 Jul 2006; 4;2 ;2006
Palmeiras;Vasco;William Hill;1.90;3.30;3.40;13 Jul 2006; 4;2 ;2006
Santa Cruz;Goias;bet-at-home;2.80;3.20;2.20;13 Jul 2006; 2;1 ;2006
Santa Cruz;Goias;bet365;3.20;3.20;2.00;13 Jul 2006; 2;1 ;2006
Santa Cruz;Goias;bwin;2.00;2.00;2.00;13 Jul 2006; 2;1 ;2006
Santa Cruz;Goias;William Hill;2.00;2.00;2.00;13 Jul 2006; 2;1 ;2006
Athletico-PR;Fortaleza;bet-at-home;1.55;1.55;5.20;12 Jul 2006; 0;0 ;2006
Athletico-PR;Fortaleza;bet365;5.20;5.20;5.20;12 Jul 2006; 0;0 ;2006
Athletico-PR;Fortaleza;bwin;5.20;5.20;5.20;12 Jul 2006; 0;0 ;2006
Athletico-PR;Fortaleza;William Hill;5.20;5.20;5.20;12 Jul 2006; 0;0 ;2006
Figueirense;Santos;bet-at-home;2.45;2.45;2.54;12 Jul 2006; 2;1 ;2006
Figueirense;Santos;bet365;2.54;2.54;2.54;12 Jul 2006; 2;1 ;2006
Figueirense;Santos;bwin;2.54;2.54;2.54;12 Jul 2006; 2;1 ;2006
Figueirense;Santos;William Hill;2.54;2.54;2.54;12 Jul 2006; 2;1 ;2006
Fluminense;Juventude;bet-at-home;1.50;3.50;5.80;12 Jul 2006; 3;2 ;2006
Fluminense;Juventude;bet365;1.50;3.60;5.50;12 Jul 2006; 3;2 ;2006
Fluminense;Juventude;bwin;1.55;3.60;5.25;12 Jul 2006; 3;2 ;2006
Fluminense;Juventude;William Hill;1.60;3.60;4.50;12 Jul 2006; 3;2 ;2006
Internacional;Ponte Preta;bet-at-home;1.45;1.45;6.80;12 Jul 2006; 2;0 ;2006
Internacional;Ponte Preta;bet365;1.25;4.75;9.00;12 Jul 2006; 2;0 ;2006
Internacional;Ponte Preta;bwin;9.00;9.00;9.00;12 Jul 2006; 2;0 ;2006
Internacional;Ponte Preta;William Hill;9.00;9.00;9.00;12 Jul 2006; 2;0 ;2006
Sao Caetano;Botafogo RJ;bet-at-home;1.70;3.20;4.50;12 Jul 2006; 1;1 ;2006
Sao Caetano;Botafogo RJ;bet365;4.50;4.50;4.50;12 Jul 2006; 1;1 ;2006
Sao Caetano;Botafogo RJ;bwin;4.50;4.50;4.50;12 Jul 2006; 1;1 ;2006
Sao Caetano;Botafogo RJ;William Hill;4.50;4.50;4.50;12 Jul 2006; 1;1 ;2006
Sao Paulo;Gremio;bet-at-home;1.45;3.60;6.40;12 Jul 2006; 2;1 ;2006
Sao Paulo;Gremio;bwin;1.55;3.60;5.25;12 Jul 2006; 2;1 ;2006
Sao Paulo;Gremio;William Hill;5.25;5.25;5.25;12 Jul 2006; 2;1 ;2006
Cruzeiro;Corinthians;bet-at-home;2.04;3.10;3.20;12 Jul 2006; 2;0 ;2006
Cruzeiro;Corinthians;bwin;3.20;3.20;3.20;12 Jul 2006; 2;0 ;2006
Cruzeiro;Corinthians;William Hill;1.75;3.30;4.00;12 Jul 2006; 2;0 ;2006
Juventude;Sao Paulo;bet-at-home;2.29;3.20;2.65;04 Jun 2006; 1;1 ;2006
Juventude;Sao Paulo;bwin;2.40;3.15;2.65;04 Jun 2006; 1;1 ;2006
Juventude;Sao Paulo;William Hill;2.65;2.65;2.65;04 Jun 2006; 1;1 ;2006
Goias;Parana;bet-at-home;1.70;3.30;4.30;04 Jun 2006; 1;2 ;2006
Goias;Parana;bwin;1.70;3.45;4.25;04 Jun 2006; 1;2 ;2006
Goias;Parana;William Hill;4.25;4.25;4.25;04 Jun 2006; 1;2 ;2006
Santos;Botafogo RJ;bet-at-home;1.45;3.85;5.80;04 Jun 2006; 0;0 ;2006
Santos;Botafogo RJ;bet365;1.40;3.75;7.00;04 Jun 2006; 0;0 ;2006
Santos;Botafogo RJ;William Hill;1.50;3.60;5.60;04 Jun 2006; 0;0 ;2006
Athletico-PR;Palmeiras;bet-at-home;1.70;3.40;4.15;04 Jun 2006; 2;0 ;2006
Athletico-PR;Palmeiras;bwin;1.55;3.55;5.35;04 Jun 2006; 2;0 ;2006
Athletico-PR;Palmeiras;William Hill;5.35;5.35;5.35;04 Jun 2006; 2;0 ;2006
Corinthians;Flamengo RJ;bet-at-home;1.70;3.30;3.30;04 Jun 2006; 0;2 ;2006
Corinthians;Flamengo RJ;William Hill;3.30;3.30;3.30;04 Jun 2006; 0;2 ;2006
Ponte Preta;Figueirense;bet-at-home;2.20;3.20;2.80;04 Jun 2006; 3;0 ;2006
Ponte Preta;Figueirense;bwin;2.29;3.10;2.80;04 Jun 2006; 3;0 ;2006
Ponte Preta;Figueirense;William Hill;2.80;2.80;2.80;04 Jun 2006; 3;0 ;2006
Vasco;Santa Cruz;bet-at-home;1.45;3.85;5.80;04 Jun 2006; 2;1 ;2006
Vasco;Santa Cruz;bet365;1.40;3.75;7.00;04 Jun 2006; 2;1 ;2006
Vasco;Santa Cruz;bwin;1.35;4.09;8.00;04 Jun 2006; 2;1 ;2006
Vasco;Santa Cruz;William Hill;8.00;8.00;8.00;04 Jun 2006; 2;1 ;2006
Gremio;Sao Caetano;bet-at-home;1.70;3.40;4.15;03 Jun 2006; 1;1 ;2006
Gremio;Sao Caetano;bwin;1.55;3.55;5.35;03 Jun 2006; 1;1 ;2006
Gremio;Sao Caetano;William Hill;5.35;5.35;5.35;03 Jun 2006; 1;1 ;2006
Fluminense;Internacional;bet-at-home;1.95;1.95;3.30;03 Jun 2006; 2;3 ;2006
Fluminense;Internacional;William Hill;3.30;3.30;3.30;03 Jun 2006; 2;3 ;2006
Fortaleza;Cruzeiro;bet-at-home;2.50;3.25;2.40;03 Jun 2006; 0;2 ;2006
Fortaleza;Cruzeiro;bet365;2.50;3.25;2.40;03 Jun 2006; 0;2 ;2006
Fortaleza;Cruzeiro;bwin;2.65;3.10;2.45;03 Jun 2006; 0;2 ;2006
Fortaleza;Cruzeiro;William Hill;2.45;2.45;2.45;03 Jun 2006; 0;2 ;2006
Botafogo RJ;Figueirense;bet-at-home;1.90;3.20;3.50;01 Jun 2006; 2;3 ;2006
Botafogo RJ;Figueirense;bwin;1.95;3.25;3.45;01 Jun 2006; 2;3 ;2006
Botafogo RJ;Figueirense;William Hill;1.95;3.25;3.30;01 Jun 2006; 2;3 ;2006
Corinthians;Goias;bet-at-home;1.70;1.70;4.30;01 Jun 2006; 0;1 ;2006
Corinthians;Goias;bwin;4.30;3.30;3.55;01 Jun 2006; 0;1 ;2006
Corinthians;Goias;William Hill;3.55;3.55;3.55;01 Jun 2006; 0;1 ;2006
Parana;Santa Cruz;bet-at-home;1.55;3.50;5.00;01 Jun 2006; 3;0 ;2006
Parana;Santa Cruz;bet365;5.00;5.00;5.00;01 Jun 2006; 3;0 ;2006
Parana;Santa Cruz;bwin;5.00;5.00;5.00;01 Jun 2006; 3;0 ;2006
Parana;Santa Cruz;William Hill;5.00;5.00;5.00;01 Jun 2006; 3;0 ;2006
Cruzeiro;Athletico-PR;bet-at-home;1.65;3.40;4.50;31 May 2006; 1;1 ;2006
Cruzeiro;Athletico-PR;bet365;4.50;4.50;4.50;31 May 2006; 1;1 ;2006
Cruzeiro;Athletico-PR;bwin;1.55;3.50;5.50;31 May 2006; 1;1 ;2006
Cruzeiro;Athletico-PR;William Hill;5.50;5.50;5.50;31 May 2006; 1;1 ;2006
Juventude;Ponte Preta;bet-at-home;1.70;3.40;4.20;31 May 2006; 0;1 ;2006
Juventude;Ponte Preta;bet365;4.20;4.20;4.20;31 May 2006; 0;1 ;2006
Juventude;Ponte Preta;bwin;4.20;4.20;4.20;31 May 2006; 0;1 ;2006
Juventude;Ponte Preta;William Hill;4.20;4.20;4.20;31 May 2006; 0;1 ;2006
Flamengo RJ;Palmeiras;bet-at-home;1.85;3.25;3.65;31 May 2006; 2;1 ;2006
Flamengo RJ;Palmeiras;bet365;1.83;3.20;3.75;31 May 2006; 2;1 ;2006
Flamengo RJ;Palmeiras;bwin;1.85;3.35;3.65;31 May 2006; 2;1 ;2006
Flamengo RJ;Palmeiras;William Hill;3.65;3.65;3.65;31 May 2006; 2;1 ;2006
Fortaleza;Vasco;bet-at-home;1.90;3.30;3.40;31 May 2006; 1;1 ;2006
Fortaleza;Vasco;bwin;2.00;3.15;3.40;31 May 2006; 1;1 ;2006
Fortaleza;Vasco;William Hill;3.40;3.40;3.40;31 May 2006; 1;1 ;2006
Gremio;Santos;bet-at-home;2.50;3.25;2.40;31 May 2006; 1;0 ;2006
Gremio;Santos;bwin;2.29;2.29;2.80;31 May 2006; 1;0 ;2006
Gremio;Santos;William Hill;2.80;2.80;2.80;31 May 2006; 1;0 ;2006
Sao Caetano;Internacional;bet-at-home;2.40;3.25;2.50;31 May 2006; 1;1 ;2006
Sao Caetano;Internacional;bwin;2.40;3.10;2.70;31 May 2006; 1;1 ;2006
Sao Caetano;Internacional;William Hill;2.40;3.20;2.54;31 May 2006; 1;1 ;2006
Sao Paulo;Fluminense;bet-at-home;1.80;3.25;3.85;31 May 2006; 1;0 ;2006
Sao Paulo;Fluminense;bwin;1.85;3.35;3.65;31 May 2006; 1;0 ;2006
Sao Paulo;Fluminense;William Hill;1.85;3.30;3.60;31 May 2006; 1;0 ;2006
Goias;Sao Caetano;bet-at-home;1.55;3.40;5.40;28 May 2006; 2;1 ;2006
Goias;Sao Caetano;bet365;1.53;3.50;5.50;28 May 2006; 2;1 ;2006
Goias;Sao Caetano;bwin;1.55;3.50;5.50;28 May 2006; 2;1 ;2006
Goias;Sao Caetano;William Hill;1.60;3.50;4.59;28 May 2006; 2;1 ;2006
Palmeiras;Gremio;bet-at-home;1.75;3.30;4.00;28 May 2006; 0;1 ;2006
Palmeiras;Gremio;bwin;4.00;4.00;4.00;28 May 2006; 0;1 ;2006
Palmeiras;Gremio;William Hill;4.00;4.00;4.00;28 May 2006; 0;1 ;2006
Vasco;Sao Paulo;bet-at-home;2.40;3.00;2.70;28 May 2006; 1;1 ;2006
Vasco;Sao Paulo;bet365;2.38;2.38;2.60;28 May 2006; 1;1 ;2006
Vasco;Sao Paulo;bwin;2.29;3.10;2.80;28 May 2006; 1;1 ;2006
Vasco;Sao Paulo;William Hill;2.80;2.80;2.80;28 May 2006; 1;1 ;2006
Fluminense;Flamengo RJ;bet-at-home;1.70;1.70;4.40;28 May 2006; 1;0 ;2006
Fluminense;Flamengo RJ;bet365;4.40;4.40;4.40;28 May 2006; 1;0 ;2006
Fluminense;Flamengo RJ;bwin;1.90;3.20;3.20;28 May 2006; 1;0 ;2006
Fluminense;Flamengo RJ;William Hill;3.20;3.20;3.20;28 May 2006; 1;0 ;2006
Internacional;Cruzeiro;bet-at-home;2.00;3.20;3.25;28 May 2006; 1;1 ;2006
Internacional;Cruzeiro;bet365;2.00;3.25;3.25;28 May 2006; 1;1 ;2006
Internacional;Cruzeiro;bwin;2.00;3.20;3.35;28 May 2006; 1;1 ;2006
Internacional;Cruzeiro;William Hill;2.04;3.30;3.00;28 May 2006; 1;1 ;2006
Santa Cruz;Botafogo RJ;bet-at-home;2.29;3.10;2.75;28 May 2006; 1;1 ;2006
Santa Cruz;Botafogo RJ;bet365;2.20;3.25;2.75;28 May 2006; 1;1 ;2006
Santa Cruz;Botafogo RJ;bwin;2.29;3.20;2.75;28 May 2006; 1;1 ;2006
Santa Cruz;Botafogo RJ;William Hill;2.25;3.30;2.65;28 May 2006; 1;1 ;2006
Santos;Corinthians;bet-at-home;1.95;3.20;3.35;28 May 2006; 2;0 ;2006
Santos;Corinthians;bet365;1.91;1.91;3.50;28 May 2006; 2;0 ;2006
Santos;Corinthians;William Hill;2.00;2.00;3.10;28 May 2006; 2;0 ;2006
Athletico-PR;Juventude;bet-at-home;1.95;3.20;3.35;27 May 2006; 1;0 ;2006
Athletico-PR;Juventude;bet365;2.10;3.25;3.00;27 May 2006; 1;0 ;2006
Athletico-PR;Juventude;bwin;1.90;1.90;3.65;27 May 2006; 1;0 ;2006
Athletico-PR;Juventude;William Hill;2.25;2.25;2.65;27 May 2006; 1;0 ;2006
Figueirense;Fortaleza;bet-at-home;1.65;3.35;4.59;27 May 2006; 0;0 ;2006
Figueirense;Fortaleza;bet365;1.50;3.60;6.00;27 May 2006; 0;0 ;2006
Figueirense;Fortaleza;bwin;1.60;3.50;5.00;27 May 2006; 0;0 ;2006
Figueirense;Fortaleza;William Hill;1.65;3.50;4.30;27 May 2006; 0;0 ;2006
Ponte Preta;Parana;bet-at-home;1.85;3.20;3.70;27 May 2006; 2;5 ;2006
Ponte Preta;Parana;bet365;1.83;3.25;3.75;27 May 2006; 2;5 ;2006
Ponte Preta;Parana;bwin;1.80;1.80;3.90;27 May 2006; 2;5 ;2006
Ponte Preta;Parana;William Hill;3.90;3.90;3.90;27 May 2006; 2;5 ;2006
Botafogo RJ;Vasco;bet-at-home;2.29;2.29;2.65;25 May 2006; 4;1 ;2006
Botafogo RJ;Vasco;bwin;2.90;2.90;2.25;25 May 2006; 4;1 ;2006
Botafogo RJ;Vasco;William Hill;2.25;2.25;2.25;25 May 2006; 4;1 ;2006
Corinthians;Internacional;bet-at-home;1.90;3.20;3.50;25 May 2006; 0;1 ;2006
Corinthians;Internacional;bwin;1.85;3.25;3.75;25 May 2006; 0;1 ;2006
Corinthians;Internacional;William Hill;1.95;3.30;3.25;25 May 2006; 0;1 ;2006
Gremio;Goias;bet-at-home;2.29;2.29;2.65;25 May 2006; 2;0 ;2006
Gremio;Goias;bwin;1.90;3.25;3.60;25 May 2006; 2;0 ;2006
Gremio;Goias;William Hill;3.60;3.60;3.60;25 May 2006; 2;0 ;2006
Cruzeiro;Ponte Preta;bet-at-home;1.50;3.50;5.80;24 May 2006; 5;1 ;2006
Cruzeiro;Ponte Preta;bet365;5.80;5.80;5.80;24 May 2006; 5;1 ;2006
Cruzeiro;Ponte Preta;bwin;1.35;1.35;8.25;24 May 2006; 5;1 ;2006
Cruzeiro;Ponte Preta;William Hill;8.25;8.25;8.25;24 May 2006; 5;1 ;2006
Juventude;Santa Cruz;bet-at-home;1.45;3.80;5.90;24 May 2006; 4;1 ;2006
Juventude;Santa Cruz;bet365;1.44;3.75;6.50;24 May 2006; 4;1 ;2006
Juventude;Santa Cruz;bwin;1.30;4.50;8.25;24 May 2006; 4;1 ;2006
Juventude;Santa Cruz;William Hill;8.25;8.25;8.25;24 May 2006; 4;1 ;2006
Fortaleza;Fluminense;bet-at-home;2.15;3.20;2.90;24 May 2006; 2;5 ;2006
Fortaleza;Fluminense;bet365;2.20;3.25;2.80;24 May 2006; 2;5 ;2006
Fortaleza;Fluminense;bwin;2.29;3.10;2.80;24 May 2006; 2;5 ;2006
Fortaleza;Fluminense;William Hill;2.80;2.80;2.80;24 May 2006; 2;5 ;2006
Parana;Figueirense;bet-at-home;1.90;3.25;3.45;24 May 2006; 0;0 ;2006
Parana;Figueirense;bet365;1.83;3.25;3.75;24 May 2006; 0;0 ;2006
Parana;Figueirense;bwin;1.85;3.25;3.75;24 May 2006; 0;0 ;2006
Parana;Figueirense;William Hill;1.85;3.30;3.60;24 May 2006; 0;0 ;2006
Sao Caetano;Athletico-PR;bet-at-home;2.10;3.20;3.00;24 May 2006; 2;1 ;2006
Sao Caetano;Athletico-PR;bwin;2.00;3.20;3.35;24 May 2006; 2;1 ;2006
Sao Caetano;Athletico-PR;William Hill;2.10;3.30;2.90;24 May 2006; 2;1 ;2006
Sao Paulo;Palmeiras;bet-at-home;1.60;3.40;4.90;24 May 2006; 4;1 ;2006
Sao Paulo;Palmeiras;bwin;1.85;3.25;3.75;24 May 2006; 4;1 ;2006
Sao Paulo;Palmeiras;William Hill;1.85;1.85;3.60;24 May 2006; 4;1 ;2006
Fluminense;Santos;bet-at-home;1.95;1.95;3.35;21 May 2006; 1;0 ;2006
Fluminense;Santos;bwin;3.35;3.35;3.35;21 May 2006; 1;0 ;2006
Fluminense;Santos;William Hill;3.35;3.35;3.35;21 May 2006; 1;0 ;2006
Ponte Preta;Gremio;bet-at-home;1.75;3.30;4.00;21 May 2006; 1;1 ;2006
Ponte Preta;Gremio;bet365;1.80;3.25;4.00;21 May 2006; 1;1 ;2006
Ponte Preta;Gremio;bwin;1.80;3.30;3.95;21 May 2006; 1;1 ;2006
Ponte Preta;Gremio;William Hill;1.83;3.40;3.50;21 May 2006; 1;1 ;2006
Cruzeiro;Flamengo RJ;bet-at-home;1.65;3.30;4.65;21 May 2006; 2;1 ;2006
Cruzeiro;Flamengo RJ;bwin;1.75;1.75;4.30;21 May 2006; 2;1 ;2006
Cruzeiro;Flamengo RJ;William Hill;4.30;4.30;4.30;21 May 2006; 2;1 ;2006
Palmeiras;Santa Cruz;bet-at-home;1.55;3.60;5.00;21 May 2006; 2;1 ;2006
Palmeiras;Santa Cruz;bwin;5.00;5.00;5.00;21 May 2006; 2;1 ;2006
Palmeiras;Santa Cruz;William Hill;5.00;5.00;5.00;21 May 2006; 2;1 ;2006
Vasco;Corinthians;bet-at-home;2.29;3.20;2.65;21 May 2006; 2;4 ;2006
Vasco;Corinthians;William Hill;2.65;2.65;2.65;21 May 2006; 2;4 ;2006
Internacional;Figueirense;bet-at-home;1.45;3.80;5.90;20 May 2006; 2;4 ;2006
Internacional;Figueirense;bet365;1.40;4.00;6.50;20 May 2006; 2;4 ;2006
Internacional;Figueirense;bwin;1.40;4.00;7.00;20 May 2006; 2;4 ;2006
Internacional;Figueirense;William Hill;1.40;3.75;7.00;20 May 2006; 2;4 ;2006
Sao Paulo;Sao Caetano;bet-at-home;1.45;3.80;5.90;20 May 2006; 1;0 ;2006
Sao Paulo;Sao Caetano;bet365;1.44;3.75;6.50;20 May 2006; 1;0 ;2006
Sao Paulo;Sao Caetano;William Hill;1.50;3.60;5.50;20 May 2006; 1;0 ;2006
Athletico-PR;Goias;bet-at-home;1.90;3.25;3.45;20 May 2006; 2;3 ;2006
Athletico-PR;Goias;bet365;1.83;3.25;3.75;20 May 2006; 2;3 ;2006
Athletico-PR;Goias;bwin;1.90;3.25;3.60;20 May 2006; 2;3 ;2006
Athletico-PR;Goias;William Hill;2.00;3.40;3.00;20 May 2006; 2;3 ;2006
Fortaleza;Parana;bet-at-home;1.60;1.60;5.00;20 May 2006; 1;1 ;2006
Fortaleza;Parana;bwin;5.00;5.00;5.00;20 May 2006; 1;1 ;2006
Fortaleza;Parana;William Hill;5.00;5.00;5.00;20 May 2006; 1;1 ;2006
Flamengo RJ;Fortaleza;bet-at-home;1.55;3.60;5.00;14 May 2006; 0;0 ;2006
Flamengo RJ;Fortaleza;bet365;5.00;5.00;5.00;14 May 2006; 0;0 ;2006
Flamengo RJ;Fortaleza;William Hill;5.00;5.00;5.00;14 May 2006; 0;0 ;2006
Goias;Vasco;bet-at-home;1.70;3.40;4.20;14 May 2006; 2;0 ;2006
Goias;Vasco;William Hill;4.20;4.20;4.20;14 May 2006; 2;0 ;2006
Parana;Corinthians;bet-at-home;2.80;2.80;2.20;14 May 2006; 1;2 ;2006
Parana;Corinthians;William Hill;2.50;3.40;2.29;14 May 2006; 1;2 ;2006
Figueirense;Fluminense;bet-at-home;2.20;3.20;2.80;14 May 2006; 1;0 ;2006
Figueirense;Fluminense;bet365;2.10;3.20;3.00;14 May 2006; 1;0 ;2006
Figueirense;Fluminense;William Hill;2.60;3.40;2.25;14 May 2006; 1;0 ;2006
Internacional;Sao Paulo;bet-at-home;1.90;3.25;3.45;14 May 2006; 3;1 ;2006
Internacional;Sao Paulo;William Hill;2.25;3.30;2.62;14 May 2006; 3;1 ;2006
Palmeiras;Cruzeiro;bet-at-home;2.50;3.25;2.40;14 May 2006; 1;1 ;2006
Palmeiras;Cruzeiro;bet365;2.50;3.10;2.50;14 May 2006; 1;1 ;2006
Palmeiras;Cruzeiro;William Hill;2.40;3.40;2.40;14 May 2006; 1;1 ;2006
Santa Cruz;Athletico-PR;bet-at-home;2.25;3.20;2.75;14 May 2006; 1;2 ;2006
Santa Cruz;Athletico-PR;William Hill;2.29;3.40;2.50;14 May 2006; 1;2 ;2006
Botafogo RJ;Gremio;bet-at-home;1.80;3.30;3.80;13 May 2006; 2;2 ;2006
Botafogo RJ;Gremio;William Hill;1.80;3.40;3.60;13 May 2006; 2;2 ;2006
Santos;Ponte Preta;bet-at-home;1.40;3.90;6.50;13 May 2006; 3;1 ;2006
Santos;Ponte Preta;bet365;1.33;4.00;8.00;13 May 2006; 3;1 ;2006
Santos;Ponte Preta;William Hill;1.40;3.75;7.00;13 May 2006; 3;1 ;2006
Sao Caetano;Juventude;bet-at-home;1.55;3.60;5.00;13 May 2006; 0;2 ;2006
Sao Caetano;Juventude;bet365;1.57;3.50;5.00;13 May 2006; 0;2 ;2006
Sao Caetano;Juventude;William Hill;1.72;3.40;4.00;13 May 2006; 0;2 ;2006
Cruzeiro;Juventude;bet-at-home;1.40;4.09;6.20;07 May 2006; 2;0 ;2006
Cruzeiro;Juventude;bet365;1.44;3.75;6.50;07 May 2006; 2;0 ;2006
Cruzeiro;Juventude;William Hill;1.50;3.40;6.00;07 May 2006; 2;0 ;2006
Flamengo RJ;Botafogo RJ;bet-at-home;2.25;3.20;2.75;07 May 2006; 1;0 ;2006
Flamengo RJ;Botafogo RJ;William Hill;2.40;3.10;2.60;07 May 2006; 1;0 ;2006
Goias;Figueirense;bet-at-home;1.65;3.30;4.70;07 May 2006; 2;1 ;2006
Goias;Figueirense;bet365;1.53;3.50;5.50;07 May 2006; 2;1 ;2006
Athletico-PR;Internacional;bet-at-home;1.90;3.25;3.50;07 May 2006; 1;2 ;2006
Athletico-PR;Internacional;bet365;1.80;3.25;3.80;07 May 2006; 1;2 ;2006
Corinthians;Sao Paulo;bet-at-home;2.15;3.10;3.00;07 May 2006; 1;3 ;2006
Corinthians;Sao Paulo;William Hill;3.00;3.00;3.00;07 May 2006; 1;3 ;2006
Gremio;Vasco;bet-at-home;1.85;1.85;3.60;07 May 2006; 1;2 ;2006
Gremio;Vasco;William Hill;3.60;3.60;3.60;07 May 2006; 1;2 ;2006
Sao Caetano;Palmeiras;bet-at-home;1.85;1.85;3.60;07 May 2006; 2;0 ;2006
Sao Caetano;Palmeiras;bet365;3.60;3.60;3.60;07 May 2006; 2;0 ;2006
Sao Caetano;Palmeiras;bwin;3.60;3.60;3.60;07 May 2006; 2;0 ;2006
Sao Caetano;Palmeiras;William Hill;3.60;3.60;3.60;07 May 2006; 2;0 ;2006
Fluminense;Parana;bet-at-home;1.50;3.55;5.80;06 May 2006; 2;1 ;2006
Fluminense;Parana;bet365;1.50;3.50;6.00;06 May 2006; 2;1 ;2006
Fluminense;Parana;William Hill;1.50;3.60;5.50;06 May 2006; 2;1 ;2006
Santos;Fortaleza;bet365;1.61;3.40;5.00;06 May 2006; 2;0 ;2006
Santos;Fortaleza;William Hill;1.50;3.60;5.50;06 May 2006; 2;0 ;2006
Santa Cruz;Ponte Preta;bet-at-home;2.04;3.20;3.10;06 May 2006; 1;1 ;2006
Santa Cruz;Ponte Preta;bet365;2.00;3.25;3.25;06 May 2006; 1;1 ;2006
Santa Cruz;Ponte Preta;William Hill;2.15;3.25;2.85;06 May 2006; 1;1 ;2006
Vasco;Fluminense;bet-at-home;2.29;2.29;2.70;30 Apr 2006; 1;1 ;2006
Vasco;Fluminense;bet365;2.25;2.25;2.70;30 Apr 2006; 1;1 ;2006
Vasco;Fluminense;William Hill;2.70;2.70;2.70;30 Apr 2006; 1;1 ;2006
Juventude;Goias;bet-at-home;2.04;3.15;3.10;30 Apr 2006; 1;1 ;2006
Juventude;Goias;William Hill;3.10;3.10;3.10;30 Apr 2006; 1;1 ;2006
Figueirense;Cruzeiro;bet-at-home;2.20;3.20;2.80;30 Apr 2006; 0;2 ;2006
Figueirense;Cruzeiro;bet365;2.10;3.20;3.00;30 Apr 2006; 0;2 ;2006
Figueirense;Cruzeiro;William Hill;2.29;3.20;2.65;30 Apr 2006; 0;2 ;2006
Internacional;Flamengo RJ;bet-at-home;1.75;3.35;3.85;30 Apr 2006; 1;0 ;2006
Internacional;Flamengo RJ;bet365;1.80;3.30;3.75;30 Apr 2006; 1;0 ;2006
Internacional;Flamengo RJ;William Hill;1.70;3.40;4.09;30 Apr 2006; 1;0 ;2006
Palmeiras;Santos;bet-at-home;2.54;3.10;2.40;30 Apr 2006; 1;2 ;2006
Palmeiras;Santos;bet365;2.50;3.10;2.50;30 Apr 2006; 1;2 ;2006
Palmeiras;Santos;William Hill;2.65;3.20;2.29;30 Apr 2006; 1;2 ;2006
Parana;Gremio;bet-at-home;2.29;3.20;2.65;30 Apr 2006; 5;2 ;2006
Parana;Gremio;bet365;2.20;3.20;2.80;30 Apr 2006; 5;2 ;2006
Parana;Gremio;William Hill;2.10;3.10;3.10;30 Apr 2006; 5;2 ;2006
Ponte Preta;Corinthians;bet-at-home;2.54;3.10;2.40;30 Apr 2006; 3;2 ;2006
Ponte Preta;Corinthians;bet365;2.40;2.40;2.40;30 Apr 2006; 3;2 ;2006
Ponte Preta;Corinthians;William Hill;3.10;3.10;2.10;30 Apr 2006; 3;2 ;2006
Botafogo RJ;Athletico-PR;bet-at-home;1.65;3.45;4.40;29 Apr 2006; 0;4 ;2006
Botafogo RJ;Athletico-PR;William Hill;1.70;3.40;4.09;29 Apr 2006; 0;4 ;2006
Sao Paulo;Santa Cruz;bet-at-home;1.50;3.70;5.35;29 Apr 2006; 4;0 ;2006
Sao Paulo;Santa Cruz;bet365;5.35;5.35;5.35;29 Apr 2006; 4;0 ;2006
Sao Paulo;Santa Cruz;William Hill;5.35;5.35;5.35;29 Apr 2006; 4;0 ;2006
Fortaleza;Sao Caetano;bet-at-home;2.20;3.20;2.80;29 Apr 2006; 2;1 ;2006
Fortaleza;Sao Caetano;bet365;2.10;3.20;3.00;29 Apr 2006; 2;1 ;2006
Fortaleza;Sao Caetano;William Hill;2.10;3.00;3.20;29 Apr 2006; 2;1 ;2006
Cruzeiro;Gremio;bet-at-home;1.60;3.40;4.90;23 Apr 2006; 3;1 ;2006
Cruzeiro;Gremio;bet365;1.53;3.40;5.50;23 Apr 2006; 3;1 ;2006
Cruzeiro;Gremio;William Hill;1.60;3.50;4.75;23 Apr 2006; 3;1 ;2006
Fortaleza;Sao Paulo;bet-at-home;2.45;2.45;2.50;23 Apr 2006; 1;0 ;2006
Fortaleza;Sao Paulo;William Hill;2.50;2.50;2.50;23 Apr 2006; 1;0 ;2006
Parana;Botafogo RJ;bet-at-home;1.95;3.25;3.30;23 Apr 2006; 0;0 ;2006
Parana;Botafogo RJ;William Hill;1.85;3.25;3.60;23 Apr 2006; 0;0 ;2006
Flamengo RJ;Juventude;bet-at-home;1.80;3.30;3.80;23 Apr 2006; 3;1 ;2006
Flamengo RJ;Juventude;William Hill;1.95;3.30;3.25;23 Apr 2006; 3;1 ;2006
Internacional;Santa Cruz;bet-at-home;1.45;1.45;5.85;23 Apr 2006; 1;0 ;2006
Internacional;Santa Cruz;William Hill;5.85;5.85;5.85;23 Apr 2006; 1;0 ;2006
Ponte Preta;Vasco;bet-at-home;2.15;3.20;2.90;23 Apr 2006; 1;2 ;2006
Ponte Preta;Vasco;bet365;2.20;3.25;2.75;23 Apr 2006; 1;2 ;2006
Ponte Preta;Vasco;William Hill;2.10;3.30;2.90;23 Apr 2006; 1;2 ;2006
Santos;Athletico-PR;bet-at-home;1.60;3.40;4.90;23 Apr 2006; 2;0 ;2006
Santos;Athletico-PR;William Hill;1.70;3.40;4.09;23 Apr 2006; 2;0 ;2006
Figueirense;Palmeiras;bet-at-home;2.25;3.20;2.75;22 Apr 2006; 6;1 ;2006
Figueirense;Palmeiras;bet365;2.29;3.20;2.70;22 Apr 2006; 6;1 ;2006
Figueirense;Palmeiras;William Hill;2.35;3.10;2.65;22 Apr 2006; 6;1 ;2006
Fluminense;Goias;bet-at-home;1.95;3.25;3.30;22 Apr 2006; 1;0 ;2006
Fluminense;Goias;bet365;3.30;3.30;3.30;22 Apr 2006; 1;0 ;2006
Fluminense;Goias;William Hill;3.30;3.30;3.30;22 Apr 2006; 1;0 ;2006
Corinthians;Sao Caetano;bet-at-home;1.75;3.35;3.95;22 Apr 2006; 3;0 ;2006
Corinthians;Sao Caetano;bet365;3.95;3.95;3.95;22 Apr 2006; 3;0 ;2006
Corinthians;Sao Caetano;William Hill;3.95;3.95;3.95;22 Apr 2006; 3;0 ;2006
Athletico-PR;Fluminense;bet-at-home;2.00;3.20;3.25;16 Apr 2006; 1;2 ;2006
Athletico-PR;Fluminense;William Hill;2.00;3.30;3.10;16 Apr 2006; 1;2 ;2006
Goias;Santos;bet-at-home;1.85;3.30;3.60;16 Apr 2006; 0;0 ;2006
Goias;Santos;bet365;1.83;3.30;3.80;16 Apr 2006; 0;0 ;2006
Goias;Santos;William Hill;2.04;3.30;3.00;16 Apr 2006; 0;0 ;2006
Palmeiras;Ponte Preta;bet-at-home;1.35;4.20;7.00;16 Apr 2006; 2;3 ;2006
Palmeiras;Ponte Preta;bet365;1.33;4.20;8.00;16 Apr 2006; 2;3 ;2006
Palmeiras;Ponte Preta;William Hill;1.40;3.75;7.00;16 Apr 2006; 2;3 ;2006
Santa Cruz;Figueirense;bet-at-home;1.75;3.30;4.00;16 Apr 2006; 0;0 ;2006
Santa Cruz;Figueirense;William Hill;1.70;3.30;4.20;16 Apr 2006; 0;0 ;2006
Botafogo RJ;Fortaleza;bet-at-home;1.50;3.60;5.60;16 Apr 2006; 1;0 ;2006
Botafogo RJ;Fortaleza;bet365;1.50;3.60;6.00;16 Apr 2006; 1;0 ;2006
Botafogo RJ;Fortaleza;William Hill;1.50;3.60;5.50;16 Apr 2006; 1;0 ;2006
Gremio;Corinthians;bet-at-home;2.29;2.29;2.65;16 Apr 2006; 2;0 ;2006
Gremio;Corinthians;William Hill;2.65;2.65;2.65;16 Apr 2006; 2;0 ;2006
Sao Caetano;Cruzeiro;bet-at-home;2.15;3.20;2.90;16 Apr 2006; 2;1 ;2006
Sao Caetano;Cruzeiro;bet365;2.20;3.20;2.90;16 Apr 2006; 2;1 ;2006
Sao Caetano;Cruzeiro;William Hill;2.15;3.30;2.80;16 Apr 2006; 2;1 ;2006
Sao Paulo;Flamengo RJ;bet-at-home;1.45;3.80;5.90;16 Apr 2006; 1;0 ;2006
Sao Paulo;Flamengo RJ;William Hill;1.40;3.75;7.00;16 Apr 2006; 1;0 ;2006
Juventude;Parana;bet-at-home;1.90;3.25;3.50;15 Apr 2006; 1;0 ;2006
Juventude;Parana;William Hill;1.85;3.40;3.45;15 Apr 2006; 1;0 ;2006
Vasco;Internacional;bet-at-home;2.29;2.29;2.65;15 Apr 2006; 1;1 ;2006
Vasco;Internacional;William Hill;2.65;2.65;2.65;15 Apr 2006; 1;1 ;2006
